Date,Bicentennial Bikeway Pedestrians,Bicentennial Bikeway Cyclists,North Brisbane Bikeway Pedestrians,North Brisbane Bikeway Cyclists
2014-01-01,866.0,569.0,,
2014-01-02,1372.0,658.0,,
2014-01-03,1163.0,463.0,,
2014-01-04,770.0,410.0,,
2014-01-05,1153.0,654.0,,
2014-01-06,1405.0,415.0,,
2014-01-07,1697.0,854.0,,
2014-01-08,2020.0,679.0,,
2014-01-09,1732.0,813.0,,
2014-01-10,1478.0,528.0,,
2014-01-11,1380.0,671.0,,
2014-01-12,1431.0,659.0,,
2014-01-13,1998.0,862.0,,
2014-01-14,2270.0,837.0,,
2014-01-15,2210.0,779.0,,
2014-01-16,2031.0,758.0,,
2014-01-17,1647.0,580.0,,
2014-01-18,1434.0,615.0,,
2014-01-19,1480.0,665.0,,
2014-01-20,2069.0,799.0,,
2014-01-21,2223.0,792.0,,
2014-01-22,1935.0,587.0,,
2014-01-23,1426.0,401.0,,
2014-01-24,1234.0,543.0,,
2014-01-25,1084.0,577.0,,
2014-01-26,1259.0,589.0,,
2014-01-27,1395.0,764.0,,
2014-01-28,1887.0,722.0,,
2014-01-29,2136.0,774.0,,
2014-01-30,2094.0,716.0,,
2014-01-31,1721.0,570.0,,
2014-02-01,1519.0,690.0,,
2014-02-02,1623.0,815.0,,
2014-02-03,1982.0,750.0,,
2014-02-04,2498.0,821.0,,
2014-02-05,2233.0,584.0,,
2014-02-06,2215.0,791.0,,
2014-02-07,1903.0,657.0,,
2014-02-08,1528.0,609.0,,
2014-02-09,1516.0,777.0,,
2014-02-10,2207.0,772.0,,
2014-02-11,2428.0,806.0,,
2014-02-12,2425.0,781.0,,
2014-02-13,2196.0,684.0,,
2014-02-14,1852.0,552.0,,
2014-02-15,1353.0,629.0,,
2014-02-16,1394.0,616.0,,
2014-02-17,2126.0,755.0,,
2014-02-18,1592.0,663.0,,
2014-02-19,2356.0,690.0,,
2014-02-20,2024.0,651.0,,
2014-02-21,1763.0,499.0,,
2014-02-22,1298.0,619.0,,
2014-02-23,1423.0,847.0,,
2014-02-24,1879.0,758.0,,
2014-02-25,2285.0,867.0,,
2014-02-26,2438.0,799.0,,
2014-02-27,2317.0,733.0,,
2014-02-28,1638.0,557.0,,
2014-03-01,1314.0,688.0,,
2014-03-02,1508.0,822.0,,
2014-03-03,1902.0,665.0,,
2014-03-04,1885.0,740.0,,
2014-03-05,1765.0,653.0,,
2014-03-06,2348.0,789.0,,
2014-03-07,1915.0,593.0,,
2014-03-08,1185.0,644.0,,
2014-03-09,1349.0,696.0,,
2014-03-10,1908.0,750.0,,
2014-03-11,1812.0,711.0,,
2014-03-12,2511.0,766.0,,
2014-03-13,2192.0,704.0,,
2014-03-14,1935.0,572.0,,
2014-03-15,1349.0,684.0,,
2014-03-16,1350.0,698.0,,
2014-03-17,2096.0,674.0,,
2014-03-18,2187.0,679.0,,
2014-03-19,2328.0,728.0,,
2014-03-20,2204.0,707.0,,
2014-03-21,1790.0,608.0,,
2014-03-22,1325.0,698.0,,
2014-03-23,1592.0,772.0,,
2014-03-24,2122.0,787.0,,
2014-03-25,1822.0,527.0,,
2014-03-26,1048.0,394.0,,
2014-03-27,980.0,271.0,,
2014-03-28,850.0,432.0,,
2014-03-29,1302.0,763.0,,
2014-03-30,952.0,650.0,,
2014-03-31,2086.0,807.0,,
2014-04-01,2456.0,777.0,,
2014-04-02,2350.0,729.0,,
2014-04-03,2231.0,646.0,,
2014-04-04,1916.0,631.0,,
2014-04-05,1518.0,624.0,,
2014-04-06,1347.0,511.0,,
2014-04-07,1925.0,759.0,,
2014-04-08,2199.0,725.0,,
2014-04-09,2208.0,796.0,,
2014-04-10,2197.0,688.0,,
2014-04-11,1887.0,633.0,,
2014-04-12,1272.0,651.0,,
2014-04-13,1010.0,415.0,,
2014-04-14,1354.0,659.0,,
2014-04-15,2083.0,813.0,,
2014-04-16,2200.0,705.0,,
2014-04-17,1763.0,519.0,,
2014-04-18,1465.0,818.0,,
2014-04-19,1136.0,609.0,,
2014-04-20,1107.0,700.0,,
2014-04-21,1615.0,810.0,,
2014-04-22,1863.0,772.0,,
2014-04-23,2098.0,748.0,,
2014-04-24,1763.0,646.0,,
2014-04-25,1644.0,861.0,,
2014-04-26,1350.0,650.0,,
2014-04-27,1468.0,625.0,,
2014-04-28,1180.0,611.0,,
2014-04-29,2338.0,819.0,,
2014-04-30,2295.0,658.0,,
2014-05-01,1932.0,639.0,,
2014-05-02,972.0,353.0,,
2014-05-03,1202.0,692.0,,
2014-05-04,1218.0,731.0,,
2014-05-05,1916.0,747.0,,
2014-05-06,2242.0,772.0,,
2014-05-07,2053.0,698.0,,
2014-05-08,1834.0,657.0,,
2014-05-09,1766.0,594.0,,
2014-05-10,1315.0,662.0,,
2014-05-11,1296.0,815.0,,
2014-05-12,1948.0,712.0,,
2014-05-13,2357.0,820.0,,
2014-05-14,2084.0,761.0,,
2014-05-15,2037.0,713.0,,
2014-05-16,1685.0,541.0,,
2014-05-17,1273.0,683.0,,
2014-05-18,1315.0,754.0,,
2014-05-19,1997.0,740.0,,
2014-05-20,2224.0,777.0,,
2014-05-21,2292.0,762.0,,
2014-05-22,1940.0,730.0,,
2014-05-23,1852.0,590.0,,
2014-05-24,1416.0,911.0,,
2014-05-25,1540.0,918.0,,
2014-05-26,2095.0,800.0,,
2014-05-27,2338.0,800.0,,
2014-05-28,2275.0,673.0,,
2014-05-29,2089.0,682.0,,
2014-05-30,1669.0,594.0,,
2014-05-31,1058.0,639.0,,
2014-06-01,1468.0,815.0,,
2014-06-02,2105.0,773.0,,
2014-06-03,2216.0,686.0,,
2014-06-04,2238.0,670.0,,
2014-06-05,2079.0,643.0,,
2014-06-06,1773.0,536.0,,
2014-06-07,1215.0,706.0,,
2014-06-08,1279.0,664.0,,
2014-06-09,1496.0,747.0,,
2014-06-10,1914.0,543.0,,
2014-06-11,2107.0,603.0,,
2014-06-12,2005.0,572.0,,
2014-06-13,1460.0,462.0,,
2014-06-14,860.0,431.0,,
2014-06-15,1332.0,631.0,,
2014-06-16,1917.0,598.0,,
2014-06-17,2017.0,559.0,,
2014-06-18,2028.0,594.0,,
2014-06-19,1630.0,360.0,0.0,0.0
2014-06-20,1170.0,460.0,0.0,0.0
2014-06-21,1289.0,645.0,0.0,0.0
2014-06-22,1542.0,720.0,0.0,0.0
2014-06-23,1862.0,656.0,0.0,0.0
2014-06-24,1938.0,512.0,0.0,0.0
2014-06-25,1849.0,573.0,0.0,0.0
2014-06-26,1801.0,521.0,0.0,0.0
2014-06-27,1498.0,442.0,0.0,0.0
2014-06-28,1127.0,530.0,0.0,0.0
2014-06-29,997.0,527.0,37.0,9.0
2014-06-30,1473.0,509.0,73.0,62.0
2014-07-01,1806.0,514.0,54.0,74.0
2014-07-02,1639.0,572.0,57.0,67.0
2014-07-03,1585.0,572.0,50.0,75.0
2014-07-04,1387.0,459.0,58.0,43.0
2014-07-05,1114.0,504.0,31.0,26.0
2014-07-06,1189.0,584.0,42.0,39.0
2014-07-07,1565.0,616.0,59.0,82.0
2014-07-08,1809.0,615.0,79.0,92.0
2014-07-09,1763.0,576.0,49.0,62.0
2014-07-10,1450.0,511.0,38.0,68.0
2014-07-11,1438.0,452.0,59.0,66.0
2014-07-12,1153.0,526.0,40.0,43.0
2014-07-13,1313.0,652.0,37.0,37.0
2014-07-14,1667.0,583.0,49.0,72.0
2014-07-15,1587.0,518.0,53.0,72.0
2014-07-16,1626.0,535.0,59.0,61.0
2014-07-17,1795.0,621.0,69.0,76.0
2014-07-18,1338.0,423.0,38.0,51.0
2014-07-19,916.0,544.0,39.0,42.0
2014-07-20,1306.0,698.0,37.0,41.0
2014-07-21,1864.0,611.0,66.0,76.0
2014-07-22,1843.0,556.0,53.0,74.0
2014-07-23,1951.0,612.0,63.0,64.0
2014-07-24,1900.0,547.0,64.0,91.0
2014-07-25,1668.0,525.0,47.0,69.0
2014-07-26,1127.0,500.0,32.0,39.0
2014-07-27,1451.0,687.0,37.0,46.0
2014-07-28,2001.0,688.0,63.0,98.0
2014-07-29,2148.0,650.0,77.0,110.0
2014-07-30,2023.0,663.0,63.0,70.0
2014-07-31,1962.0,635.0,68.0,83.0
2014-08-01,1804.0,552.0,45.0,76.0
2014-08-02,1277.0,571.0,29.0,46.0
2014-08-03,928.0,2786.0,24.0,46.0
2014-08-04,1460.0,578.0,57.0,91.0
2014-08-05,2044.0,655.0,72.0,91.0
2014-08-06,2163.0,636.0,64.0,71.0
2014-08-07,2007.0,608.0,72.0,84.0
2014-08-08,1656.0,524.0,60.0,84.0
2014-08-09,1097.0,523.0,29.0,45.0
2014-08-10,1439.0,764.0,34.0,46.0
2014-08-11,1978.0,674.0,61.0,95.0
2014-08-12,2028.0,631.0,72.0,95.0
2014-08-13,1650.0,736.0,39.0,54.0
2014-08-14,1810.0,549.0,66.0,84.0
2014-08-15,1385.0,443.0,36.0,60.0
2014-08-16,129.0,182.0,9.0,10.0
2014-08-17,966.0,799.0,54.0,37.0
2014-08-18,1740.0,570.0,63.0,94.0
2014-08-19,2115.0,725.0,81.0,103.0
2014-08-20,2152.0,699.0,75.0,91.0
2014-08-21,1973.0,589.0,65.0,104.0
2014-08-22,651.0,204.0,21.0,28.0
2014-08-23,143.0,254.0,11.0,1.0
2014-08-24,989.0,813.0,38.0,31.0
2014-08-25,2029.0,718.0,61.0,93.0
2014-08-26,2295.0,766.0,65.0,130.0
2014-08-27,1890.0,508.0,49.0,97.0
2014-08-28,1546.0,520.0,58.0,74.0
2014-08-29,1766.0,540.0,49.0,98.0
2014-08-30,1318.0,627.0,24.0,30.0
2014-08-31,1558.0,727.0,31.0,54.0
2014-09-01,2108.0,711.0,68.0,106.0
2014-09-02,2195.0,779.0,84.0,111.0
2014-09-03,2080.0,686.0,68.0,96.0
2014-09-04,1997.0,617.0,70.0,122.0
2014-09-05,1826.0,559.0,187.0,84.0
2014-09-06,1301.0,537.0,118.0,40.0
2014-09-07,1115.0,538.0,68.0,43.0
2014-09-08,1463.0,526.0,56.0,91.0
2014-09-09,2230.0,722.0,91.0,116.0
2014-09-10,2236.0,681.0,86.0,99.0
2014-09-11,2139.0,691.0,83.0,109.0
2014-09-12,1815.0,577.0,60.0,82.0
2014-09-13,1215.0,593.0,54.0,42.0
2014-09-14,1399.0,713.0,66.0,35.0
2014-09-15,2108.0,723.0,106.0,93.0
2014-09-16,2216.0,659.0,76.0,113.0
2014-09-17,2252.0,722.0,103.0,130.0
2014-09-18,2189.0,638.0,68.0,116.0
2014-09-19,1857.0,561.0,55.0,85.0
2014-09-20,1311.0,556.0,33.0,64.0
2014-09-21,1401.0,641.0,122.0,44.0
2014-09-22,1801.0,561.0,102.0,99.0
2014-09-23,2110.0,764.0,120.0,123.0
2014-09-24,2144.0,676.0,58.0,113.0
2014-09-25,1837.0,530.0,74.0,88.0
2014-09-26,1748.0,578.0,58.0,92.0
2014-09-27,1468.0,752.0,72.0,48.0
2014-09-28,1373.0,734.0,142.0,56.0
2014-09-29,1958.0,586.0,146.0,113.0
2014-09-30,2221.0,145.0,139.0,104.0
2014-10-01,2140.0,56.0,85.0,115.0
2014-10-02,2009.0,59.0,66.0,105.0
2014-10-03,1718.0,25.0,75.0,92.0
2014-10-04,1159.0,39.0,42.0,49.0
2014-10-05,1290.0,56.0,50.0,60.0
2014-10-06,1690.0,65.0,86.0,83.0
2014-10-07,2213.0,51.0,101.0,105.0
2014-10-08,2438.0,25.0,81.0,129.0
2014-10-09,2126.0,13.0,54.0,108.0
2014-10-10,1935.0,12.0,79.0,103.0
2014-10-11,1396.0,21.0,79.0,56.0
2014-10-12,1557.0,14.0,34.0,47.0
2014-10-13,2007.0,14.0,61.0,117.0
2014-10-14,1996.0,13.0,69.0,119.0
2014-10-15,2446.0,12.0,67.0,143.0
2014-10-16,2170.0,9.0,141.0,139.0
2014-10-17,1937.0,12.0,66.0,93.0
2014-10-18,1311.0,29.0,61.0,55.0
2014-10-19,1540.0,34.0,40.0,47.0
2014-10-20,2052.0,17.0,156.0,100.0
2014-10-21,2236.0,9.0,74.0,113.0
2014-10-22,2405.0,19.0,70.0,114.0
2014-10-23,2142.0,17.0,109.0,120.0
2014-10-24,1870.0,19.0,121.0,91.0
2014-10-25,1354.0,25.0,56.0,84.0
2014-10-26,1415.0,18.0,63.0,84.0
2014-10-27,1912.0,19.0,49.0,112.0
2014-10-28,2134.0,26.0,70.0,137.0
2014-10-29,2154.0,17.0,91.0,129.0
2014-10-30,2100.0,20.0,132.0,135.0
2014-10-31,1714.0,22.0,64.0,120.0
2014-11-01,1227.0,29.0,23.0,58.0
2014-11-02,1211.0,26.0,58.0,69.0
2014-11-03,1973.0,19.0,45.0,107.0
2014-11-04,2257.0,17.0,69.0,109.0
2014-11-05,2276.0,12.0,79.0,137.0
2014-11-06,2089.0,29.0,88.0,117.0
2014-11-07,1900.0,16.0,202.0,121.0
2014-11-08,1272.0,33.0,191.0,63.0
2014-11-09,1404.0,27.0,201.0,72.0
2014-11-10,2081.0,26.0,84.0,120.0
2014-11-11,2125.0,34.0,92.0,131.0
2014-11-12,1987.0,12.0,56.0,114.0
2014-11-13,1367.0,16.0,57.0,115.0
2014-11-14,1157.0,65.0,41.0,68.0
2014-11-15,936.0,47.0,12.0,54.0
2014-11-16,781.0,14.0,106.0,36.0
2014-11-17,1864.0,53.0,52.0,119.0
2014-11-18,1624.0,14.0,48.0,93.0
2014-11-19,1701.0,41.0,36.0,100.0
2014-11-20,1773.0,15.0,69.0,103.0
2014-11-21,1667.0,38.0,32.0,109.0
2014-11-22,1116.0,21.0,25.0,69.0
2014-11-23,1243.0,66.0,22.0,48.0
2014-11-24,2045.0,104.0,53.0,138.0
2014-11-25,2161.0,61.0,78.0,181.0
2014-11-26,1801.0,19.0,43.0,102.0
2014-11-27,1927.0,96.0,122.0,114.0
2014-11-28,1008.0,21.0,54.0,65.0
2014-11-29,1067.0,45.0,102.0,67.0
2014-11-30,1279.0,49.0,84.0,67.0
2014-12-01,1946.0,11.0,67.0,154.0
2014-12-02,0.0,12.0,55.0,149.0
2014-12-03,0.0,59.0,59.0,157.0
2014-12-04,0.0,32.0,51.0,150.0
2014-12-05,0.0,22.0,35.0,88.0
2014-12-06,0.0,12.0,16.0,22.0
2014-12-07,0.0,20.0,80.0,40.0
2014-12-08,0.0,15.0,32.0,100.0
2014-12-09,0.0,15.0,75.0,124.0
2014-12-10,0.0,18.0,52.0,105.0
2014-12-11,0.0,25.0,40.0,107.0
2014-12-12,0.0,7.0,54.0,59.0
2014-12-13,0.0,16.0,19.0,40.0
2014-12-14,0.0,15.0,59.0,57.0
2014-12-15,0.0,14.0,117.0,124.0
2014-12-16,0.0,31.0,67.0,148.0
2014-12-17,0.0,21.0,79.0,110.0
2014-12-18,0.0,28.0,120.0,95.0
2014-12-19,0.0,12.0,210.0,66.0
2014-12-20,0.0,75.0,66.0,43.0
2014-12-21,0.0,76.0,39.0,73.0
2014-12-22,90.0,109.0,86.0,77.0
2014-12-23,2047.0,82.0,69.0,72.0
2014-12-24,0.0,79.0,55.0,56.0
2014-12-25,0.0,83.0,36.0,19.0
2014-12-26,0.0,97.0,26.0,48.0
2014-12-27,0.0,46.0,3.0,13.0
2014-12-28,0.0,92.0,2.0,34.0
2014-12-29,0.0,161.0,0.0,52.0
2014-12-30,0.0,304.0,0.0,66.0
2014-12-31,0.0,159.0,12.0,57.0
2015-01-01,0.0,154.0,1.0,43.0
2015-01-02,0.0,110.0,0.0,64.0
2015-01-03,0.0,147.0,0.0,59.0
2015-01-04,0.0,324.0,0.0,55.0
2015-01-05,0.0,111.0,0.0,113.0
2015-01-06,0.0,420.0,0.0,107.0
2015-01-07,0.0,428.0,0.0,136.0
2015-01-08,0.0,246.0,0.0,119.0
2015-01-09,0.0,1013.0,6.0,123.0
2015-01-10,0.0,238.0,0.0,64.0
2015-01-11,0.0,213.0,60.0,61.0
2015-01-12,0.0,224.0,0.0,124.0
2015-01-13,0.0,209.0,0.0,130.0
2015-01-14,0.0,218.0,0.0,113.0
2015-01-15,0.0,304.0,0.0,135.0
2015-01-16,0.0,232.0,0.0,120.0
2015-01-17,256.0,198.0,0.0,59.0
2015-01-18,0.0,275.0,0.0,43.0
2015-01-19,0.0,313.0,0.0,130.0
2015-01-20,5632.0,298.0,0.0,125.0
2015-01-21,4224.0,346.0,0.0,124.0
2015-01-22,4224.0,191.0,0.0,106.0
2015-01-23,8960.0,32.0,0.0,24.0
2015-01-24,7424.0,210.0,0.0,36.0
2015-01-25,4992.0,807.0,0.0,65.0
2015-01-26,3584.0,489.0,0.0,54.0
2015-01-27,1920.0,587.0,0.0,137.0
2015-01-28,12288.0,248.0,0.0,104.0
2015-01-29,8064.0,536.0,0.0,146.0
2015-01-30,6784.0,438.0,0.0,116.0
2015-01-31,6016.0,599.0,0.0,77.0
2015-02-01,4224.0,735.0,0.0,66.0
2015-02-02,1664.0,1180.0,0.0,148.0
2015-02-03,7680.0,497.0,0.0,164.0
2015-02-04,7168.0,449.0,0.0,162.0
2015-02-05,6912.0,717.0,0.0,150.0
2015-02-06,5452.0,522.0,0.0,116.0
2015-02-07,1316.0,315.0,0.0,91.0
2015-02-08,1514.0,352.0,0.0,81.0
2015-02-09,2056.0,376.0,0.0,158.0
2015-02-10,2040.0,382.0,0.0,141.0
2015-02-11,1337.0,330.0,0.0,113.0
2015-02-12,2068.0,381.0,0.0,149.0
2015-02-13,1749.0,323.0,0.0,120.0
2015-02-14,1290.0,370.0,0.0,71.0
2015-02-15,1399.0,420.0,0.0,88.0
2015-02-16,2016.0,388.0,0.0,142.0
2015-02-17,2384.0,483.0,0.0,165.0
2015-02-18,2051.0,357.0,0.0,137.0
2015-02-19,995.0,216.0,0.0,80.0
2015-02-20,329.0,69.0,0.0,34.0
2015-02-21,85.0,139.0,0.0,15.0
2015-02-22,1359.0,635.0,0.0,50.0
2015-02-23,1789.0,425.0,0.0,133.0
2015-02-24,2467.0,446.0,0.0,155.0
2015-02-25,2219.0,404.0,0.0,157.0
2015-02-26,2130.0,425.0,0.0,167.0
2015-02-27,1151.0,390.0,0.0,83.0
2015-02-28,1219.0,406.0,0.0,63.0
2015-03-01,1499.0,487.0,0.0,83.0
2015-03-02,2095.0,454.0,0.0,161.0
2015-03-03,2408.0,439.0,0.0,155.0
2015-03-04,2390.0,440.0,0.0,161.0
2015-03-05,2068.0,348.0,0.0,159.0
2015-03-06,1819.0,325.0,0.0,120.0
2015-03-07,1352.0,390.0,0.0,78.0
2015-03-08,1519.0,398.0,0.0,64.0
2015-03-09,2244.0,454.0,0.0,155.0
2015-03-10,2362.0,451.0,0.0,173.0
2015-03-11,2280.0,422.0,0.0,159.0
2015-03-12,2157.0,444.0,0.0,155.0
2015-03-13,1889.0,357.0,0.0,129.0
2015-03-14,1222.0,417.0,0.0,86.0
2015-03-15,1447.0,0.0,0.0,82.0
2015-03-16,2080.0,0.0,0.0,162.0
2015-03-17,1666.0,0.0,0.0,170.0
2015-03-18,3722.0,0.0,0.0,142.0
2015-03-19,3312.0,0.0,0.0,137.0
2015-03-20,1764.0,0.0,0.0,107.0
2015-03-21,6827.0,0.0,0.0,39.0
2015-03-22,867.0,0.0,0.0,48.0
2015-03-23,1598.0,0.0,0.0,124.0
2015-03-24,2376.0,0.0,0.0,166.0
2015-03-25,2187.0,0.0,0.0,148.0
2015-03-26,1753.0,0.0,0.0,135.0
2015-03-27,1825.0,0.0,0.0,107.0
2015-03-28,1171.0,0.0,0.0,61.0
2015-03-29,1430.0,0.0,0.0,67.0
2015-03-30,2022.0,0.0,0.0,145.0
2015-03-31,2168.0,0.0,0.0,151.0
2015-04-01,735.0,0.0,0.0,57.0
2015-04-02,1302.0,0.0,0.0,86.0
2015-04-03,664.0,0.0,0.0,38.0
2015-04-04,982.0,0.0,0.0,43.0
2015-04-05,883.0,0.0,0.0,56.0
2015-04-06,1585.0,0.0,0.0,59.0
2015-04-07,1819.0,0.0,0.0,145.0
2015-04-08,2080.0,0.0,0.0,126.0
2015-04-09,1937.0,0.0,0.0,152.0
2015-04-10,1726.0,0.0,0.0,118.0
2015-04-11,1215.0,0.0,0.0,72.0
2015-04-12,1662.0,0.0,0.0,64.0
2015-04-13,2166.0,0.0,0.0,137.0
2015-04-14,2306.0,0.0,0.0,159.0
2015-04-15,2256.0,0.0,0.0,151.0
2015-04-16,2112.0,0.0,0.0,166.0
2015-04-17,1942.0,0.0,0.0,120.0
2015-04-18,1584.0,0.0,0.0,73.0
2015-04-19,1536.0,0.0,0.0,72.0
2015-04-20,1132.0,0.0,0.0,113.0
2015-04-21,2189.0,0.0,0.0,151.0
2015-04-22,2248.0,0.0,0.0,164.0
2015-04-23,2136.0,0.0,0.0,167.0
2015-04-24,1855.0,0.0,0.0,137.0
2015-04-25,1520.0,0.0,0.0,73.0
2015-04-26,1238.0,0.0,22.0,49.0
2015-04-27,2048.0,0.0,0.0,157.0
2015-04-28,2283.0,0.0,0.0,176.0
2015-04-29,1959.0,0.0,0.0,140.0
2015-04-30,704.0,0.0,0.0,62.0
2015-05-01,411.0,0.0,0.0,38.0
2015-05-02,971.0,0.0,0.0,34.0
2015-05-03,1498.0,0.0,0.0,63.0
2015-05-04,1952.0,0.0,0.0,154.0
2015-05-05,2331.0,0.0,0.0,154.0
2015-05-06,2320.0,0.0,0.0,159.0
2015-05-07,2122.0,0.0,0.0,163.0
2015-05-08,1759.0,0.0,0.0,119.0
2015-05-09,1221.0,0.0,1.0,64.0
2015-05-10,1307.0,0.0,4.0,78.0
2015-05-11,2118.0,0.0,43.0,152.0
2015-05-12,2389.0,0.0,3.0,171.0
2015-05-13,2184.0,0.0,38.0,163.0
2015-05-14,1943.0,0.0,32.0,163.0
2015-05-15,1671.0,0.0,6.0,128.0
2015-05-16,1075.0,0.0,1.0,53.0
2015-05-17,1026.0,0.0,1.0,45.0
2015-05-18,924.0,0.0,9.0,86.0
2015-05-19,2092.0,0.0,0.0,166.0
2015-05-20,2283.0,0.0,1.0,172.0
2015-05-21,1907.0,0.0,0.0,145.0
2015-05-22,1612.0,0.0,85.0,110.0
2015-05-23,1178.0,0.0,51.0,80.0
2015-05-24,1418.0,0.0,8.0,83.0
2015-05-25,1976.0,0.0,3.0,146.0
2015-05-26,2283.0,0.0,0.0,169.0
2015-05-27,2014.0,0.0,0.0,148.0
2015-05-28,2023.0,0.0,2.0,149.0
2015-05-29,1771.0,0.0,0.0,130.0
2015-05-30,1312.0,0.0,0.0,90.0
2015-05-31,806.0,422.0,0.0,64.0
2015-06-01,513.0,1709.0,0.0,148.0
2015-06-02,587.0,1832.0,0.0,156.0
2015-06-03,526.0,1739.0,1.0,177.0
2015-06-04,485.0,1642.0,0.0,136.0
2015-06-05,411.0,1370.0,38.0,100.0
2015-06-06,503.0,1037.0,1.0,63.0
2015-06-07,539.0,1085.0,3.0,97.0
2015-06-08,639.0,1391.0,15.0,75.0
2015-06-09,539.0,1739.0,0.0,146.0
2015-06-10,570.0,1847.0,2.0,142.0
2015-06-11,393.0,1604.0,0.0,132.0
2015-06-12,388.0,1266.0,0.0,106.0
2015-06-13,422.0,891.0,2.0,59.0
2015-06-14,512.0,826.0,58.0,49.0
2015-06-15,506.0,1262.0,133.0,109.0
2015-06-16,440.0,1425.0,0.0,132.0
2015-06-17,328.0,1027.0,0.0,102.0
2015-06-18,543.0,1675.0,86.0,144.0
2015-06-19,419.0,1559.0,27.0,126.0
2015-06-20,602.0,997.0,15.0,75.0
2015-06-21,567.0,1229.0,33.0,78.0
2015-06-22,508.0,1478.0,0.0,122.0
2015-06-23,551.0,1699.0,0.0,137.0
2015-06-24,505.0,1552.0,0.0,137.0
2015-06-25,481.0,1514.0,0.0,142.0
2015-06-26,459.0,1380.0,0.0,106.0
2015-06-27,542.0,938.0,0.0,75.0
2015-06-28,635.0,1206.0,0.0,77.0
2015-06-29,273.0,655.0,0.0,63.0
2015-06-30,578.0,1632.0,0.0,137.0
2015-07-01,575.0,1753.0,0.0,126.0
2015-07-02,535.0,1586.0,0.0,130.0
2015-07-03,409.0,1263.0,0.0,109.0
2015-07-04,463.0,1064.0,0.0,64.0
2015-07-05,607.0,1143.0,0.0,68.0
2015-07-06,566.0,1557.0,0.0,128.0
2015-07-07,634.0,1765.0,0.0,148.0
2015-07-08,486.0,1518.0,0.0,122.0
2015-07-09,522.0,1411.0,0.0,123.0
2015-07-10,378.0,1356.0,0.0,89.0
2015-07-11,519.0,1090.0,0.0,65.0
2015-07-12,596.0,603.0,26.0,55.0
2015-07-13,488.0,1257.0,61.0,143.0
2015-07-14,523.0,1559.0,44.0,118.0
2015-07-15,493.0,1462.0,52.0,93.0
2015-07-16,437.0,1502.0,57.0,95.0
2015-07-17,348.0,1011.0,35.0,68.0
2015-07-18,537.0,943.0,20.0,55.0
2015-07-19,601.0,1001.0,15.0,33.0
2015-07-20,526.0,1454.0,45.0,106.0
2015-07-21,517.0,1613.0,50.0,97.0
2015-07-22,351.0,1250.0,31.0,94.0
2015-07-23,486.0,1481.0,52.0,97.0
2015-07-24,489.0,1578.0,31.0,110.0
2015-07-25,607.0,1181.0,28.0,51.0
2015-07-26,695.0,1338.0,22.0,65.0
2015-07-27,678.0,1746.0,52.0,121.0
2015-07-28,663.0,1868.0,38.0,150.0
2015-07-29,589.0,1723.0,62.0,168.0
2015-07-30,647.0,1852.0,62.0,137.0
2015-07-31,516.0,1552.0,48.0,116.0
2015-08-01,672.0,1359.0,45.0,75.0
2015-08-02,2833.0,753.0,15.0,64.0
2015-08-03,684.0,1867.0,56.0,168.0
2015-08-04,637.0,2041.0,52.0,154.0
2015-08-05,612.0,1659.0,78.0,104.0
2015-08-06,578.0,1613.0,76.0,123.0
2015-08-07,476.0,1460.0,66.0,97.0
2015-08-08,625.0,1211.0,21.0,59.0
2015-08-09,715.0,1383.0,30.0,59.0
2015-08-10,673.0,1728.0,67.0,168.0
2015-08-11,640.0,1852.0,73.0,147.0
2015-08-12,724.0,1468.0,20.0,74.0
2015-08-13,598.0,1486.0,61.0,127.0
2015-08-14,573.0,1646.0,71.0,104.0
2015-08-15,593.0,1171.0,28.0,46.0
2015-08-16,1428.0,1393.0,28.0,49.0
2015-08-17,719.0,1835.0,72.0,145.0
2015-08-18,744.0,2070.0,69.0,178.0
2015-08-19,692.0,1938.0,73.0,137.0
2015-08-20,587.0,1739.0,60.0,112.0
2015-08-21,374.0,1340.0,51.0,74.0
2015-08-22,644.0,1049.0,42.0,42.0
2015-08-23,719.0,1730.0,23.0,88.0
2015-08-24,748.0,2116.0,52.0,148.0
2015-08-25,775.0,2084.0,46.0,168.0
2015-08-26,827.0,2201.0,61.0,168.0
2015-08-27,478.0,1576.0,45.0,105.0
2015-08-28,510.0,1286.0,51.0,81.0
2015-08-29,455.0,1130.0,16.0,35.0
2015-08-30,739.0,1305.0,17.0,69.0
2015-08-31,665.0,1875.0,48.0,173.0
2015-09-01,746.0,2158.0,65.0,182.0
2015-09-02,661.0,1995.0,78.0,163.0
2015-09-03,531.0,1437.0,43.0,116.0
2015-09-04,542.0,1672.0,52.0,141.0
2015-09-05,590.0,1351.0,33.0,58.0
2015-09-06,621.0,1310.0,37.0,74.0
2015-09-07,700.0,1936.0,68.0,173.0
2015-09-08,800.0,2170.0,43.0,187.0
2015-09-09,718.0,2092.0,67.0,154.0
2015-09-10,674.0,2025.0,55.0,160.0
2015-09-11,519.0,1647.0,47.0,93.0
2015-09-12,616.0,1339.0,19.0,64.0
2015-09-13,730.0,1449.0,26.0,61.0
2015-09-14,646.0,1896.0,61.0,157.0
2015-09-15,745.0,2183.0,79.0,174.0
2015-09-16,598.0,2068.0,61.0,170.0
2015-09-17,244.0,677.0,30.0,49.0
2015-09-18,495.0,1396.0,56.0,101.0
2015-09-19,659.0,1258.0,46.0,68.0
2015-09-20,705.0,1434.0,30.0,59.0
2015-09-21,737.0,1899.0,55.0,174.0
2015-09-22,762.0,2252.0,73.0,182.0
2015-09-23,580.0,1935.0,112.0,140.0
2015-09-24,660.0,1866.0,70.0,148.0
2015-09-25,536.0,1581.0,65.0,88.0
2015-09-26,763.0,1300.0,20.0,48.0
2015-09-27,540.0,1157.0,35.0,56.0
2015-09-28,731.0,1738.0,94.0,142.0
2015-09-29,594.0,1814.0,81.0,122.0
2015-09-30,713.0,1893.0,111.0,153.0
2015-10-01,726.0,1893.0,84.0,138.0
2015-10-02,594.0,1708.0,82.0,110.0
2015-10-03,658.0,1345.0,33.0,58.0
2015-10-04,574.0,1247.0,38.0,84.0
2015-10-05,799.0,1596.0,29.0,71.0
2015-10-06,755.0,2132.0,65.0,167.0
2015-10-07,797.0,2398.0,87.0,178.0
2015-10-08,564.0,1928.0,63.0,143.0
2015-10-09,528.0,1510.0,50.0,106.0
2015-10-10,697.0,1601.0,42.0,95.0
2015-10-11,754.0,1837.0,42.0,92.0
2015-10-12,740.0,2136.0,78.0,201.0
2015-10-13,698.0,2269.0,60.0,176.0
2015-10-14,666.0,2094.0,65.0,148.0
2015-10-15,701.0,2043.0,85.0,151.0
2015-10-16,578.0,2025.0,85.0,129.0
2015-10-17,652.0,1376.0,546.0,92.0
2015-10-18,667.0,1638.0,28.0,63.0
2015-10-19,677.0,1859.0,66.0,94.0
2015-10-20,759.0,2262.0,82.0,111.0
2015-10-21,716.0,2283.0,86.0,127.0
2015-10-22,505.0,1766.0,67.0,132.0
2015-10-23,552.0,1600.0,66.0,88.0
2015-10-24,521.0,1245.0,48.0,52.0
2015-10-25,744.0,1600.0,49.0,82.0
2015-10-26,662.0,1831.0,106.0,125.0
2015-10-27,628.0,2072.0,160.0,142.0
2015-10-28,366.0,1265.0,93.0,89.0
2015-10-29,456.0,1349.0,91.0,87.0
2015-10-30,506.0,1711.0,99.0,107.0
2015-10-31,562.0,1450.0,65.0,50.0
2015-11-01,648.0,1368.0,40.0,70.0
2015-11-02,747.0,2060.0,88.0,132.0
2015-11-03,604.0,2125.0,116.0,139.0
2015-11-04,651.0,2027.0,99.0,144.0
2015-11-05,571.0,2038.0,104.0,128.0
2015-11-06,546.0,1538.0,97.0,87.0
2015-11-07,532.0,1244.0,53.0,45.0
2015-11-08,494.0,985.0,33.0,42.0
2015-11-09,691.0,1595.0,99.0,115.0
2015-11-10,714.0,2287.0,150.0,136.0
2015-11-11,706.0,2105.0,107.0,149.0
2015-11-12,614.0,1987.0,95.0,110.0
2015-11-13,613.0,1773.0,95.0,114.0
2015-11-14,408.0,1026.0,25.0,60.0
2015-11-15,716.0,1273.0,149.0,55.0
2015-11-16,650.0,1900.0,310.0,135.0
2015-11-17,711.0,2253.0,180.0,140.0
2015-11-18,625.0,2211.0,212.0,151.0
2015-11-19,564.0,2008.0,144.0,134.0
2015-11-20,516.0,1819.0,143.0,91.0
2015-11-21,474.0,1200.0,51.0,41.0
2015-11-22,585.0,1355.0,39.0,62.0
2015-11-23,604.0,1892.0,97.0,144.0
2015-11-24,655.0,2228.0,86.0,153.0
2015-11-25,621.0,2134.0,91.0,139.0
2015-11-26,576.0,2022.0,77.0,145.0
2015-11-27,437.0,1812.0,63.0,96.0
2015-11-28,455.0,1297.0,29.0,47.0
2015-11-29,381.0,1145.0,17.0,61.0
2015-11-30,607.0,1830.0,86.0,134.0
2015-12-01,622.0,2290.0,138.0,136.0
2015-12-02,443.0,1321.0,79.0,86.0
2015-12-03,643.0,1914.0,96.0,108.0
2015-12-04,497.0,1650.0,98.0,90.0
2015-12-05,553.0,1228.0,115.0,42.0
2015-12-06,572.0,1362.0,147.0,52.0
2015-12-07,636.0,1958.0,191.0,116.0
2015-12-08,696.0,2156.0,136.0,140.0
2015-12-09,590.0,2174.0,87.0,127.0
2015-12-10,459.0,1891.0,69.0,89.0
2015-12-11,402.0,1523.0,73.0,109.0
2015-12-12,293.0,421.0,18.0,12.0
2015-12-13,563.0,885.0,35.0,20.0
2015-12-14,643.0,1974.0,208.0,122.0
2015-12-15,618.0,2097.0,110.0,122.0
2015-12-16,570.0,1975.0,75.0,95.0
2015-12-17,501.0,1675.0,81.0,111.0
2015-12-18,464.0,1648.0,69.0,84.0
2015-12-19,566.0,1224.0,55.0,65.0
2015-12-20,497.0,1256.0,37.0,72.0
2015-12-21,508.0,1667.0,88.0,109.0
2015-12-22,538.0,1771.0,77.0,100.0
2015-12-23,407.0,1557.0,43.0,101.0
2015-12-24,268.0,922.0,40.0,54.0
2015-12-25,385.0,538.0,292.0,24.0
2015-12-26,405.0,916.0,269.0,32.0
2015-12-27,431.0,924.0,49.0,28.0
2015-12-28,525.0,1135.0,98.0,53.0
2015-12-29,526.0,1328.0,91.0,68.0
2015-12-30,562.0,1291.0,265.0,83.0
2015-12-31,653.0,1194.0,116.0,63.0
2016-01-01,542.0,899.0,114.0,43.0
2016-01-02,584.0,1344.0,107.0,55.0
2016-01-03,585.0,1090.0,44.0,53.0
2016-01-04,384.0,1163.0,88.0,105.0
2016-01-05,179.0,348.0,0.0,39.0
2016-01-06,731.0,1758.0,0.0,143.0
2016-01-07,589.0,1942.0,0.0,159.0
2016-01-08,545.0,1799.0,0.0,140.0
2016-01-09,561.0,1514.0,0.0,83.0
2016-01-10,660.0,1582.0,670.0,105.0
2016-01-11,689.0,2045.0,5.0,194.0
2016-01-12,756.0,2292.0,0.0,168.0
2016-01-13,688.0,2260.0,6.0,184.0
2016-01-14,679.0,2020.0,3.0,161.0
2016-01-15,489.0,1737.0,5.0,132.0
2016-01-16,503.0,783.0,0.0,58.0
2016-01-17,732.0,1783.0,4.0,118.0
2016-01-18,777.0,2125.0,1.0,185.0
2016-01-19,775.0,2404.0,0.0,162.0
2016-01-20,685.0,2270.0,0.0,141.0
2016-01-21,639.0,2225.0,1.0,145.0
2016-01-22,532.0,2001.0,0.0,109.0
2016-01-23,531.0,1418.0,0.0,58.0
2016-01-24,671.0,1392.0,2.0,72.0
2016-01-25,591.0,1681.0,0.0,94.0
2016-01-26,599.0,1248.0,0.0,48.0
2016-01-27,668.0,2087.0,0.0,124.0
2016-01-28,578.0,2046.0,0.0,110.0
2016-01-29,388.0,1785.0,0.0,89.0
2016-01-30,464.0,1320.0,0.0,48.0
2016-01-31,624.0,1976.0,0.0,60.0
2016-02-01,611.0,2143.0,0.0,124.0
2016-02-02,449.0,2152.0,0.0,139.0
2016-02-03,555.0,2164.0,0.0,144.0
2016-02-04,526.0,1902.0,0.0,130.0
2016-02-05,504.0,1849.0,0.0,114.0
2016-02-06,481.0,1147.0,29.0,56.0
2016-02-07,702.0,1683.0,1.0,86.0
2016-02-08,682.0,2220.0,1.0,162.0
2016-02-09,710.0,2421.0,29.0,76.0
2016-02-10,702.0,2384.0,1.0,20.0
2016-02-11,657.0,2337.0,2.0,114.0
2016-02-12,564.0,2046.0,2.0,122.0
2016-02-13,544.0,1437.0,0.0,64.0
2016-02-14,630.0,1539.0,0.0,59.0
2016-02-15,661.0,2152.0,0.0,156.0
2016-02-16,673.0,2415.0,1.0,180.0
2016-02-17,665.0,2387.0,0.0,159.0
2016-02-18,611.0,2309.0,2.0,159.0
2016-02-19,345.0,1612.0,7.0,100.0
2016-02-20,562.0,1362.0,108.0,49.0
2016-02-21,754.0,1601.0,81.0,93.0
2016-02-22,720.0,2219.0,11.0,166.0
2016-02-23,762.0,2524.0,8.0,168.0
2016-02-24,714.0,2457.0,15.0,155.0
2016-02-25,694.0,2332.0,12.0,165.0
2016-02-26,530.0,2004.0,1.0,122.0
2016-02-27,580.0,1334.0,10.0,74.0
2016-02-28,677.0,1432.0,0.0,81.0
2016-02-29,713.0,2215.0,4.0,157.0
2016-03-01,533.0,1998.0,1.0,143.0
2016-03-02,667.0,2234.0,162.0,136.0
2016-03-03,730.0,2391.0,57.0,147.0
2016-03-04,611.0,2090.0,11.0,128.0
2016-03-05,573.0,1415.0,0.0,59.0
2016-03-06,752.0,1491.0,0.0,69.0
2016-03-07,639.0,1979.0,2.0,127.0
2016-03-08,726.0,2276.0,35.0,134.0
2016-03-09,,,2.0,107.0
2016-03-10,,,15.0,145.0
2016-03-11,,,0.0,129.0
2016-03-12,,,0.0,60.0
2016-03-13,,,0.0,46.0
2016-03-14,,,5.0,157.0
2016-03-15,,,59.0,181.0
2016-03-16,,,17.0,150.0
2016-03-17,,,12.0,151.0
2016-03-18,,,22.0,117.0
2016-03-19,,,31.0,67.0
2016-03-20,,,34.0,52.0
2016-03-21,,,63.0,122.0
2016-03-22,,,59.0,151.0
2016-03-23,,,85.0,144.0
2016-03-24,,,63.0,117.0
2016-03-25,,,27.0,72.0
2016-03-26,,,21.0,51.0
2016-03-27,,,20.0,18.0
2016-03-28,,,47.0,66.0
2016-03-29,,,84.0,151.0
2016-03-30,,,55.0,140.0
2016-03-31,,,82.0,181.0
2016-04-01,594.0,1982.0,15.0,133.0
2016-04-02,642.0,1561.0,0.0,87.0
2016-04-03,761.0,1705.0,4.0,58.0
2016-04-04,717.0,2103.0,12.0,143.0
2016-04-05,854.0,2616.0,10.0,197.0
2016-04-06,774.0,2490.0,9.0,173.0
2016-04-07,750.0,2200.0,15.0,157.0
2016-04-08,611.0,2033.0,11.0,124.0
2016-04-09,724.0,1494.0,11.0,71.0
2016-04-10,870.0,1804.0,5.0,78.0
2016-04-11,694.0,2216.0,13.0,148.0
2016-04-12,732.0,2405.0,7.0,164.0
2016-04-13,829.0,2492.0,7.0,173.0
2016-04-14,612.0,1845.0,13.0,130.0
2016-04-15,493.0,1993.0,12.0,132.0
2016-04-16,645.0,1434.0,12.0,49.0
2016-04-17,879.0,1706.0,4.0,59.0
2016-04-18,772.0,2275.0,22.0,154.0
2016-04-19,856.0,2653.0,35.0,169.0
2016-04-20,743.0,2331.0,27.0,168.0
2016-04-21,656.0,2242.0,36.0,146.0
2016-04-22,627.0,2041.0,37.0,140.0
2016-04-23,648.0,1363.0,153.0,54.0
2016-04-24,784.0,1411.0,22.0,59.0
2016-04-25,841.0,1334.0,32.0,58.0
2016-04-26,739.0,2084.0,86.0,130.0
2016-04-27,633.0,2263.0,104.0,130.0
2016-04-28,667.0,1964.0,81.0,120.0
2016-04-29,480.0,1684.0,56.0,94.0
2016-04-30,624.0,1244.0,20.0,56.0
2016-05-01,504.0,592.0,106.0,30.0
2016-05-02,995.0,1839.0,5.0,101.0
2016-05-03,659.0,1977.0,2.0,149.0
2016-05-04,802.0,2470.0,0.0,162.0
2016-05-05,756.0,2293.0,0.0,156.0
2016-05-06,650.0,1968.0,73.0,96.0
2016-05-07,636.0,1444.0,42.0,75.0
2016-05-08,783.0,1381.0,38.0,50.0
2016-05-09,802.0,2207.0,100.0,137.0
2016-05-10,843.0,2514.0,103.0,160.0
2016-05-11,797.0,2343.0,91.0,145.0
2016-05-12,763.0,2053.0,91.0,125.0
2016-05-13,620.0,1925.0,68.0,109.0
2016-05-14,641.0,1361.0,33.0,54.0
2016-05-15,933.0,1816.0,25.0,44.0
2016-05-16,769.0,2069.0,79.0,158.0
2016-05-17,800.0,2371.0,98.0,136.0
2016-05-18,787.0,2360.0,120.0,129.0
2016-05-19,754.0,2270.0,108.0,141.0
2016-05-20,618.0,2109.0,67.0,109.0
2016-05-21,678.0,1411.0,42.0,47.0
2016-05-22,846.0,1683.0,32.0,61.0
2016-05-23,766.0,2158.0,92.0,143.0
2016-05-24,808.0,2495.0,100.0,148.0
2016-05-25,742.0,2245.0,95.0,131.0
2016-05-26,692.0,2094.0,87.0,137.0
2016-05-27,648.0,1765.0,61.0,100.0
2016-05-28,683.0,1091.0,44.0,48.0
2016-05-29,750.0,1339.0,44.0,49.0
2016-05-30,738.0,1942.0,93.0,124.0
2016-05-31,775.0,2179.0,95.0,116.0
2016-06-01,685.0,2148.0,89.0,111.0
2016-06-02,498.0,1755.0,78.0,96.0
2016-06-03,469.0,1214.0,64.0,58.0
2016-06-04,111.0,80.0,5.0,1.0
2016-06-05,714.0,808.0,46.0,44.0
2016-06-06,629.0,1370.0,69.0,96.0
2016-06-07,757.0,2171.0,81.0,139.0
2016-06-08,718.0,2060.0,81.0,136.0
2016-06-09,725.0,2033.0,94.0,132.0
2016-06-10,625.0,1799.0,58.0,109.0
2016-06-11,684.0,1232.0,32.0,65.0
2016-06-12,653.0,1081.0,38.0,39.0
2016-06-13,512.0,1269.0,74.0,120.0
2016-06-14,713.0,1704.0,95.0,117.0
2016-06-15,566.0,1626.0,77.0,115.0
2016-06-16,612.0,1839.0,79.0,111.0
2016-06-17,578.0,1785.0,60.0,92.0
2016-06-18,674.0,1296.0,46.0,48.0
2016-06-19,277.0,226.0,12.0,16.0
2016-06-20,694.0,1490.0,68.0,83.0
2016-06-21,737.0,1969.0,83.0,105.0
2016-06-22,648.0,1863.0,93.0,107.0
2016-06-23,419.0,958.0,52.0,65.0
2016-06-24,540.0,1522.0,46.0,91.0
2016-06-25,655.0,1009.0,39.0,30.0
2016-06-26,601.0,904.0,176.0,35.0
2016-06-27,434.0,799.0,50.0,54.0
2016-06-28,651.0,1437.0,88.0,98.0
2016-06-29,656.0,1585.0,71.0,115.0
2016-06-30,617.0,1555.0,88.0,95.0
2016-07-01,565.0,1446.0,39.0,86.0
2016-07-02,572.0,974.0,49.0,53.0
2016-07-03,685.0,1154.0,50.0,57.0
2016-07-04,703.0,1534.0,94.0,104.0
2016-07-05,490.0,907.0,42.0,52.0
2016-07-06,629.0,1691.0,83.0,115.0
2016-07-07,641.0,1549.0,72.0,110.0
2016-07-08,625.0,1529.0,66.0,93.0
2016-07-09,724.0,1228.0,45.0,55.0
2016-07-10,900.0,1513.0,70.0,63.0
2016-07-11,631.0,1713.0,68.0,130.0
2016-07-12,741.0,2024.0,100.0,145.0
2016-07-13,768.0,1834.0,93.0,135.0
2016-07-14,606.0,1626.0,76.0,118.0
2016-07-15,498.0,1384.0,64.0,93.0
2016-07-16,380.0,616.0,23.0,33.0
2016-07-17,813.0,979.0,61.0,45.0
2016-07-18,713.0,1457.0,91.0,124.0
2016-07-19,813.0,2211.0,158.0,152.0
2016-07-20,783.0,2107.0,100.0,126.0
2016-07-21,788.0,1963.0,94.0,137.0
2016-07-22,649.0,1845.0,80.0,119.0
2016-07-23,806.0,1377.0,32.0,70.0
2016-07-24,935.0,1661.0,68.0,75.0
2016-07-25,749.0,1861.0,93.0,129.0
2016-07-26,783.0,2141.0,91.0,134.0
2016-07-27,791.0,1971.0,80.0,130.0
2016-07-28,703.0,1861.0,78.0,112.0
2016-07-29,684.0,1810.0,78.0,96.0
2016-07-30,763.0,1380.0,32.0,41.0
2016-07-31,934.0,1482.0,44.0,37.0
2016-08-01,836.0,1908.0,100.0,120.0
2016-08-02,660.0,1989.0,91.0,111.0
2016-08-03,742.0,1549.0,78.0,94.0
2016-08-04,501.0,1309.0,59.0,86.0
2016-08-05,649.0,1698.0,95.0,102.0
2016-08-06,651.0,1194.0,41.0,48.0
2016-08-07,3328.0,720.0,48.0,63.0
2016-08-08,780.0,1910.0,89.0,143.0
2016-08-09,694.0,1996.0,101.0,120.0
2016-08-10,958.0,1644.0,270.0,75.0
2016-08-11,561.0,1777.0,67.0,106.0
2016-08-12,659.0,1693.0,291.0,93.0
2016-08-13,742.0,1263.0,56.0,66.0
2016-08-14,922.0,1497.0,55.0,80.0
2016-08-15,710.0,1624.0,77.0,118.0
2016-08-16,803.0,2147.0,78.0,146.0
2016-08-17,791.0,2112.0,101.0,128.0
2016-08-18,643.0,1740.0,78.0,96.0
2016-08-19,639.0,1826.0,76.0,105.0
2016-08-20,630.0,1432.0,29.0,77.0
2016-08-21,918.0,1490.0,48.0,52.0
2016-08-22,755.0,2020.0,88.0,141.0
2016-08-23,862.0,1939.0,88.0,132.0
2016-08-24,398.0,1023.0,70.0,71.0
2016-08-25,736.0,1826.0,74.0,118.0
2016-08-26,610.0,1735.0,75.0,106.0
2016-08-27,707.0,1235.0,48.0,45.0
2016-08-28,802.0,1217.0,49.0,46.0
2016-08-29,778.0,1937.0,90.0,129.0
2016-08-30,738.0,2234.0,98.0,152.0
2016-08-31,698.0,2051.0,96.0,132.0
2016-09-01,794.0,2149.0,109.0,125.0
2016-09-02,578.0,1710.0,73.0,98.0
2016-09-03,608.0,851.0,28.0,43.0
2016-09-04,770.0,1602.0,43.0,63.0
2016-09-05,773.0,1933.0,92.0,148.0
2016-09-06,843.0,2219.0,91.0,172.0
2016-09-07,748.0,2100.0,100.0,118.0
2016-09-08,714.0,2115.0,75.0,151.0
2016-09-09,416.0,1665.0,51.0,89.0
2016-09-10,423.0,518.0,35.0,18.0
2016-09-11,852.0,1666.0,55.0,48.0
2016-09-12,817.0,2043.0,95.0,147.0
2016-09-13,812.0,2264.0,102.0,163.0
2016-09-14,794.0,2238.0,97.0,150.0
2016-09-15,473.0,1391.0,74.0,111.0
2016-09-16,671.0,1431.0,86.0,127.0
2016-09-17,677.0,1393.0,55.0,63.0
2016-09-18,421.0,333.0,25.0,20.0
2016-09-19,760.0,1742.0,86.0,155.0
2016-09-20,816.0,2256.0,109.0,191.0
2016-09-21,484.0,1041.0,61.0,86.0
2016-09-22,788.0,1917.0,105.0,186.0
2016-09-23,671.0,1737.0,95.0,157.0
2016-09-24,934.0,1389.0,56.0,139.0
2016-09-25,727.0,1147.0,45.0,64.0
2016-09-26,857.0,1836.0,118.0,183.0
2016-09-27,872.0,2021.0,120.0,197.0
2016-09-28,753.0,2115.0,91.0,186.0
2016-09-29,609.0,1598.0,84.0,147.0
2016-09-30,638.0,1418.0,91.0,137.0
2016-10-01,662.0,1152.0,55.0,79.0
2016-10-02,730.0,1439.0,64.0,109.0
2016-10-03,463.0,915.0,46.0,52.0
2016-10-04,871.0,2143.0,110.0,190.0
2016-10-05,867.0,2395.0,103.0,228.0
2016-10-06,868.0,2203.0,135.0,232.0
2016-10-07,702.0,1922.0,102.0,178.0
2016-10-08,739.0,1529.0,67.0,98.0
2016-10-09,762.0,1465.0,64.0,109.0
2016-10-10,844.0,2149.0,101.0,228.0
2016-10-11,834.0,2346.0,126.0,222.0
2016-10-12,832.0,2405.0,127.0,213.0
2016-10-13,715.0,2019.0,106.0,190.0
2016-10-14,582.0,1812.0,73.0,142.0
2016-10-15,702.0,1441.0,70.0,82.0
2016-10-16,1000.0,1642.0,66.0,112.0
2016-10-17,599.0,1787.0,82.0,184.0
2016-10-18,883.0,2303.0,133.0,198.0
2016-10-19,824.0,2249.0,117.0,201.0
2016-10-20,746.0,2035.0,104.0,183.0
2016-10-21,654.0,1994.0,95.0,162.0
2016-10-22,549.0,1414.0,41.0,101.0
2016-10-23,752.0,1099.0,66.0,99.0
2016-10-24,797.0,2103.0,123.0,189.0
2016-10-25,933.0,2431.0,149.0,210.0
2016-10-26,823.0,2370.0,127.0,218.0
2016-10-27,752.0,2116.0,114.0,203.0
2016-10-28,664.0,1907.0,80.0,181.0
2016-10-29,646.0,1332.0,55.0,109.0
2016-10-30,747.0,1493.0,45.0,117.0
2016-10-31,732.0,1962.0,106.0,221.0
2016-11-01,698.0,1890.0,112.0,144.0
2016-11-02,814.0,2228.0,103.0,249.0
2016-11-03,761.0,2202.0,120.0,213.0
2016-11-04,632.0,1895.0,84.0,210.0
2016-11-05,597.0,1316.0,50.0,108.0
2016-11-06,743.0,1390.0,36.0,91.0
2016-11-07,748.0,2138.0,115.0,243.0
2016-11-08,589.0,2148.0,87.0,227.0
2016-11-09,594.0,2106.0,105.0,186.0
2016-11-10,695.0,1912.0,137.0,235.0
2016-11-11,531.0,1913.0,72.0,177.0
2016-11-12,498.0,1347.0,36.0,86.0
2016-11-13,591.0,1368.0,57.0,107.0
2016-11-14,771.0,1876.0,104.0,199.0
2016-11-15,839.0,2317.0,150.0,224.0
2016-11-16,775.0,2271.0,98.0,201.0
2016-11-17,710.0,2003.0,96.0,165.0
2016-11-18,711.0,1881.0,104.0,196.0
2016-11-19,538.0,1507.0,41.0,91.0
2016-11-20,657.0,1599.0,37.0,109.0
2016-11-21,745.0,2117.0,86.0,251.0
2016-11-22,807.0,2437.0,118.0,274.0
2016-11-23,797.0,2281.0,126.0,270.0
2016-11-24,630.0,1967.0,98.0,241.0
2016-11-25,563.0,1982.0,85.0,174.0
2016-11-26,472.0,1102.0,38.0,56.0
2016-11-27,675.0,1428.0,45.0,105.0
2016-11-28,777.0,2031.0,97.0,230.0
2016-11-29,775.0,2332.0,121.0,278.0
2016-11-30,584.0,1994.0,112.0,183.0
2016-12-01,559.0,1975.0,100.0,210.0
2016-12-02,495.0,1802.0,64.0,213.0
2016-12-03,351.0,1134.0,38.0,91.0
2016-12-04,553.0,1232.0,50.0,99.0
2016-12-05,714.0,1872.0,85.0,245.0
2016-12-06,581.0,1722.0,93.0,227.0
2016-12-07,483.0,1416.0,101.0,156.0
2016-12-08,490.0,1833.0,118.0,158.0
2016-12-09,491.0,1432.0,82.0,111.0
2016-12-10,502.0,1187.0,56.0,73.0
2016-12-11,596.0,1426.0,71.0,90.0
2016-12-12,706.0,1969.0,88.0,221.0
2016-12-13,712.0,2325.0,123.0,228.0
2016-12-14,644.0,2169.0,122.0,222.0
2016-12-15,559.0,1891.0,84.0,233.0
2016-12-16,497.0,1682.0,79.0,156.0
2016-12-17,485.0,1206.0,49.0,79.0
2016-12-18,444.0,1040.0,39.0,74.0
2016-12-19,592.0,1748.0,90.0,165.0
2016-12-20,612.0,2070.0,111.0,228.0
2016-12-21,419.0,1738.0,81.0,161.0
2016-12-22,479.0,1587.0,79.0,165.0
2016-12-23,417.0,1503.0,74.0,119.0
2016-12-24,414.0,1181.0,51.0,53.0
2016-12-25,312.0,403.0,33.0,42.0
2016-12-26,400.0,860.0,61.0,70.0
2016-12-27,606.0,1200.0,53.0,86.0
2016-12-28,592.0,1322.0,50.0,115.0
2016-12-29,574.0,1404.0,51.0,147.0
2016-12-30,460.0,1161.0,52.0,111.0
2016-12-31,447.0,1056.0,28.0,55.0
2017-01-01,381.0,740.0,30.0,68.0
2017-01-02,506.0,1298.0,41.0,75.0
2017-01-03,578.0,1038.0,88.0,105.0
2017-01-04,711.0,1857.0,99.0,176.0
2017-01-05,599.0,1702.0,100.0,181.0
2017-01-06,534.0,1576.0,75.0,143.0
2017-01-07,609.0,1181.0,82.0,102.0
2017-01-08,716.0,1729.0,85.0,120.0
2017-01-09,755.0,2089.0,138.0,244.0
2017-01-10,773.0,2338.0,133.0,266.0
2017-01-11,654.0,2123.0,105.0,254.0
2017-01-12,539.0,1945.0,71.0,226.0
2017-01-13,448.0,1802.0,89.0,189.0
2017-01-14,430.0,1188.0,48.0,82.0
2017-01-15,290.0,884.0,26.0,67.0
2017-01-16,734.0,1847.0,125.0,263.0
2017-01-17,770.0,2265.0,100.0,295.0
2017-01-18,617.0,2110.0,114.0,267.0
2017-01-19,554.0,2073.0,95.0,242.0
2017-01-20,468.0,1881.0,74.0,201.0
2017-01-21,399.0,953.0,23.0,51.0
2017-01-22,765.0,1714.0,56.0,102.0
2017-01-23,788.0,2096.0,124.0,269.0
2017-01-24,813.0,2509.0,121.0,283.0
2017-01-25,635.0,2220.0,90.0,272.0
2017-01-26,594.0,1525.0,41.0,106.0
2017-01-27,385.0,1445.0,65.0,142.0
2017-01-28,625.0,1268.0,55.0,90.0
2017-01-29,690.0,1604.0,55.0,98.0
2017-01-30,704.0,2017.0,119.0,325.0
2017-01-31,772.0,2522.0,115.0,329.0
2017-02-01,715.0,2377.0,148.0,302.0
2017-02-02,572.0,2376.0,117.0,255.0
2017-02-03,537.0,2006.0,97.0,224.0
2017-02-04,503.0,1383.0,46.0,122.0
2017-02-05,644.0,1612.0,61.0,100.0
2017-02-06,664.0,2191.0,203.0,84.0
2017-02-07,745.0,2505.0,287.0,0.0
2017-02-08,722.0,2228.0,239.0,0.0
2017-02-09,615.0,1702.0,260.0,0.0
2017-02-10,524.0,2110.0,210.0,0.0
2017-02-11,478.0,1263.0,59.0,0.0
2017-02-12,382.0,1075.0,67.0,0.0
2017-02-13,366.0,1792.0,189.0,0.0
2017-02-14,736.0,2177.0,317.0,0.0
2017-02-15,677.0,2340.0,319.0,0.0
2017-02-16,685.0,2229.0,311.0,0.0
2017-02-17,534.0,2019.0,278.0,0.0
2017-02-18,578.0,1513.0,117.0,0.0
2017-02-19,466.0,1283.0,99.0,0.0
2017-02-20,825.0,2118.0,341.0,0.0
2017-02-21,794.0,2427.0,336.0,0.0
2017-02-22,774.0,2408.0,320.0,0.0
2017-02-23,748.0,2289.0,271.0,0.0
2017-02-24,613.0,2096.0,256.0,0.0
2017-02-25,695.0,1497.0,122.0,0.0
2017-02-26,819.0,1631.0,145.0,0.0
2017-02-27,811.0,2113.0,347.0,0.0
2017-02-28,801.0,2439.0,366.0,0.0
2017-03-01,802.0,2334.0,301.0,0.0
2017-03-02,676.0,2290.0,281.0,0.0
2017-03-03,667.0,2164.0,219.0,0.0
2017-03-04,665.0,1472.0,113.0,0.0
2017-03-05,769.0,1334.0,108.0,0.0
2017-03-06,785.0,2287.0,306.0,0.0
2017-03-07,897.0,2593.0,303.0,0.0
2017-03-08,862.0,2374.0,436.0,71.0
2017-03-09,795.0,2291.0,112.0,286.0
2017-03-10,619.0,1986.0,91.0,206.0
2017-03-11,630.0,1552.0,50.0,112.0
2017-03-12,712.0,1532.0,55.0,109.0
2017-03-13,704.0,1999.0,95.0,236.0
2017-03-14,671.0,2119.0,108.0,203.0
2017-03-15,699.0,1553.0,93.0,172.0
2017-03-16,715.0,2230.0,121.0,247.0
2017-03-17,519.0,1934.0,65.0,155.0
2017-03-18,594.0,1366.0,46.0,119.0
2017-03-19,640.0,1051.0,68.0,137.0
2017-03-20,298.0,1160.0,67.0,174.0
2017-03-21,645.0,1452.0,97.0,121.0
2017-03-22,524.0,1351.0,87.0,134.0
2017-03-23,665.0,2000.0,115.0,181.0
2017-03-24,488.0,1827.0,88.0,173.0
2017-03-25,382.0,1101.0,61.0,87.0
2017-03-26,0.0,0.0,75.0,114.0
2017-03-27,0.0,0.0,112.0,256.0
2017-03-28,0.0,0.0,131.0,262.0
2017-03-29,0.0,0.0,100.0,217.0
2017-03-30,0.0,0.0,21.0,34.0
2017-03-31,0.0,0.0,75.0,96.0
2017-04-01,0.0,0.0,74.0,107.0
2017-04-02,0.0,0.0,83.0,122.0
2017-04-03,0.0,0.0,133.0,256.0
2017-04-04,0.0,0.0,138.0,258.0
2017-04-05,0.0,0.0,127.0,236.0
2017-04-06,0.0,0.0,106.0,188.0
2017-04-07,0.0,0.0,107.0,228.0
2017-04-08,0.0,0.0,61.0,91.0
2017-04-09,0.0,0.0,76.0,114.0
2017-04-10,0.0,0.0,160.0,231.0
2017-04-11,0.0,0.0,154.0,242.0
2017-04-12,0.0,0.0,136.0,229.0
2017-04-13,0.0,0.0,119.0,171.0
2017-04-14,0.0,0.0,141.0,100.0
2017-04-15,0.0,0.0,78.0,90.0
2017-04-16,0.0,0.0,64.0,83.0
2017-04-17,0.0,0.0,77.0,78.0
2017-04-18,0.0,0.0,142.0,189.0
2017-04-19,0.0,0.0,140.0,231.0
2017-04-20,0.0,0.0,126.0,219.0
2017-04-21,0.0,0.0,124.0,180.0
2017-04-22,0.0,0.0,52.0,64.0
2017-04-23,0.0,0.0,70.0,140.0
2017-04-24,0.0,0.0,101.0,189.0
2017-04-25,0.0,0.0,104.0,147.0
2017-04-26,0.0,0.0,135.0,224.0
2017-04-27,,,126.0,213.0
2017-04-28,,,114.0,188.0
2017-04-29,,,81.0,82.0
2017-04-30,,,58.0,91.0
2017-05-01,,,98.0,116.0
2017-05-02,,,159.0,218.0
2017-05-03,,,142.0,239.0
2017-05-04,,,141.0,192.0
2017-05-05,,,107.0,171.0
2017-05-06,,,79.0,120.0
2017-05-07,,,82.0,103.0
2017-05-08,,,129.0,197.0
2017-05-09,,,150.0,200.0
2017-05-10,,,103.0,124.0
2017-05-11,,,125.0,226.0
2017-05-12,,,106.0,184.0
2017-05-13,,,44.0,69.0
2017-05-14,,,45.0,54.0
2017-05-15,,,141.0,209.0
2017-05-16,,,157.0,240.0
2017-05-17,,,144.0,230.0
2017-05-18,,,115.0,192.0
2017-05-19,,,40.0,53.0
2017-05-20,,,68.0,62.0
2017-05-21,,,82.0,99.0
2017-05-22,,,144.0,227.0
2017-05-23,,,174.0,236.0
2017-05-24,,,162.0,200.0
2017-05-25,,,162.0,205.0
2017-05-26,,,109.0,163.0
2017-05-27,,,72.0,129.0
2017-05-28,,,85.0,116.0
2017-05-29,,,127.0,204.0
2017-05-30,,,165.0,245.0
2017-05-31,,,157.0,238.0
2017-06-01,,,132.0,212.0
2017-06-02,,,114.0,157.0
2017-06-03,,,64.0,96.0
2017-06-04,,,72.0,108.0
2017-06-05,,,441.0,210.0
2017-06-06,,,155.0,225.0
2017-06-07,,,126.0,194.0
2017-06-08,,,135.0,205.0
2017-06-09,,,99.0,155.0
2017-06-10,,,66.0,100.0
2017-06-11,,,39.0,32.0
2017-06-12,,,120.0,191.0
2017-06-13,,,104.0,115.0
2017-06-14,,,83.0,128.0
2017-06-15,,,117.0,143.0
2017-06-16,,,106.0,162.0
2017-06-17,,,64.0,58.0
2017-06-18,,,88.0,141.0
2017-06-19,,,130.0,207.0
2017-06-20,,,136.0,206.0
2017-06-21,,,119.0,202.0
2017-06-22,,,95.0,188.0
2017-06-23,,,100.0,146.0
2017-06-24,,,65.0,97.0
2017-06-25,,,89.0,75.0
2017-06-26,,,137.0,195.0
2017-06-27,,,159.0,187.0
2017-06-28,572.0,840.0,123.0,198.0
2017-06-29,717.0,1777.0,112.0,170.0
2017-06-30,581.0,1152.0,103.0,140.0
2017-07-01,641.0,1071.0,65.0,106.0
2017-07-02,710.0,1122.0,66.0,107.0
2017-07-03,725.0,1657.0,135.0,205.0
2017-07-04,803.0,1980.0,145.0,210.0
2017-07-05,592.0,1843.0,142.0,190.0
2017-07-06,772.0,1716.0,136.0,187.0
2017-07-07,303.0,769.0,54.0,63.0
2017-07-08,805.0,1274.0,65.0,78.0
2017-07-09,910.0,1288.0,71.0,104.0
2017-07-10,737.0,1615.0,128.0,194.0
2017-07-11,934.0,1814.0,155.0,204.0
2017-07-12,753.0,1818.0,127.0,192.0
2017-07-13,730.0,1662.0,123.0,179.0
2017-07-14,689.0,1619.0,103.0,163.0
2017-07-15,696.0,1220.0,58.0,82.0
2017-07-16,851.0,1018.0,59.0,65.0
2017-07-17,829.0,1789.0,164.0,223.0
2017-07-18,844.0,2068.0,168.0,216.0
2017-07-19,802.0,1721.0,150.0,189.0
2017-07-20,734.0,1721.0,149.0,181.0
2017-07-21,649.0,1531.0,128.0,153.0
2017-07-22,781.0,1139.0,89.0,125.0
2017-07-23,906.0,1386.0,80.0,118.0
2017-07-24,793.0,1782.0,156.0,221.0
2017-07-25,800.0,2011.0,144.0,218.0
2017-07-26,822.0,1911.0,149.0,202.0
2017-07-27,,,121.0,219.0
2017-07-28,,,142.0,162.0
2017-07-29,,,75.0,92.0
2017-07-30,,,73.0,108.0
2017-07-31,,,172.0,196.0
2017-08-01,,,182.0,217.0
2017-08-02,,,176.0,201.0
2017-08-03,,,127.0,188.0
2017-08-04,,,124.0,158.0
2017-08-05,,,68.0,107.0
2017-08-06,763.0,1195.0,70.0,113.0
2017-08-07,803.0,1704.0,143.0,187.0
2017-08-08,835.0,2034.0,146.0,229.0
2017-08-09,798.0,1931.0,163.0,205.0
2017-08-10,776.0,1843.0,138.0,203.0
2017-08-11,668.0,1827.0,127.0,180.0
2017-08-12,751.0,1278.0,92.0,94.0
2017-08-13,984.0,1512.0,96.0,84.0
2017-08-14,766.0,1847.0,165.0,199.0
2017-08-15,800.0,1983.0,163.0,185.0
2017-08-16,921.0,1661.0,91.0,126.0
2017-08-17,736.0,1679.0,129.0,204.0
2017-08-18,611.0,1479.0,116.0,152.0
2017-08-19,647.0,1088.0,61.0,67.0
2017-08-20,885.0,1435.0,79.0,116.0
2017-08-21,732.0,1752.0,138.0,188.0
2017-08-22,861.0,2121.0,172.0,205.0
2017-08-23,856.0,2084.0,171.0,208.0
2017-08-24,553.0,1527.0,120.0,152.0
2017-08-25,637.0,1753.0,137.0,153.0
2017-08-26,759.0,1271.0,80.0,118.0
2017-08-27,813.0,1133.0,72.0,95.0
2017-08-28,785.0,1781.0,126.0,228.0
2017-08-29,797.0,2125.0,159.0,243.0
2017-08-30,817.0,2048.0,185.0,208.0
2017-08-31,761.0,1891.0,143.0,191.0
2017-09-01,615.0,1657.0,130.0,184.0
2017-09-02,869.0,1262.0,83.0,120.0
2017-09-03,778.0,1429.0,79.0,126.0
2017-09-04,855.0,1932.0,161.0,225.0
2017-09-05,911.0,2146.0,167.0,239.0
2017-09-06,806.0,1923.0,173.0,217.0
2017-09-07,781.0,1876.0,141.0,212.0
2017-09-08,675.0,1645.0,120.0,199.0
2017-09-09,699.0,1207.0,80.0,78.0
2017-09-10,871.0,1308.0,62.0,84.0
2017-09-11,823.0,1873.0,150.0,218.0
2017-09-12,901.0,2253.0,156.0,248.0
2017-09-13,817.0,2211.0,151.0,191.0
2017-09-14,660.0,1567.0,154.0,208.0
2017-09-15,655.0,1583.0,121.0,163.0
2017-09-16,665.0,1211.0,70.0,76.0
2017-09-17,807.0,1180.0,80.0,117.0
2017-09-18,869.0,1739.0,137.0,230.0
2017-09-19,833.0,2056.0,147.0,246.0
2017-09-20,835.0,1967.0,158.0,246.0
2017-09-21,735.0,1915.0,127.0,188.0
2017-09-22,518.0,1596.0,102.0,157.0
2017-09-23,637.0,1353.0,70.0,115.0
2017-09-24,775.0,1437.0,65.0,117.0
2017-09-25,777.0,1788.0,138.0,220.0
2017-09-26,861.0,2151.0,176.0,241.0
2017-09-27,773.0,2051.0,161.0,210.0
2017-09-28,671.0,1875.0,117.0,221.0
2017-09-29,570.0,1626.0,85.0,205.0
2017-09-30,776.0,1261.0,42.0,98.0
2017-10-01,546.0,1171.0,40.0,76.0
2017-10-02,317.0,286.0,37.0,31.0
2017-10-03,550.0,1114.0,88.0,125.0
2017-10-04,833.0,2037.0,123.0,206.0
2017-10-05,868.0,2319.0,127.0,260.0
2017-10-06,568.0,1943.0,101.0,178.0
2017-10-07,669.0,1410.0,55.0,114.0
2017-10-08,870.0,1750.0,91.0,130.0
2017-10-09,805.0,2052.0,140.0,267.0
2017-10-10,753.0,2401.0,115.0,301.0
2017-10-11,766.0,2385.0,144.0,252.0
2017-10-12,657.0,1805.0,112.0,186.0
2017-10-13,561.0,1839.0,93.0,171.0
2017-10-14,566.0,1198.0,49.0,78.0
2017-10-15,174.0,202.0,21.0,25.0
2017-10-16,364.0,840.0,68.0,71.0
2017-10-17,407.0,1136.0,72.0,96.0
2017-10-18,364.0,1033.0,91.0,118.0
2017-10-19,671.0,1941.0,119.0,182.0
2017-10-20,651.0,2056.0,112.0,167.0
2017-10-21,252.0,308.0,18.0,19.0
2017-10-22,1053.0,1857.0,104.0,119.0
2017-10-23,689.0,1498.0,127.0,174.0
2017-10-24,885.0,2455.0,248.0,285.0
2017-10-25,854.0,2427.0,235.0,250.0
2017-10-26,520.0,1918.0,147.0,246.0
2017-10-27,636.0,1832.0,128.0,218.0
2017-10-28,700.0,1409.0,92.0,101.0
2017-10-29,603.0,1379.0,80.0,116.0
2017-10-30,743.0,1890.0,180.0,191.0
2017-10-31,869.0,2314.0,196.0,309.0
2017-11-01,891.0,2310.0,200.0,265.0
2017-11-02,758.0,2142.0,175.0,234.0
2017-11-03,618.0,2016.0,171.0,191.0
2017-11-04,667.0,1234.0,95.0,114.0
2017-11-05,785.0,1407.0,47.0,120.0
2017-11-06,765.0,1849.0,155.0,219.0
2017-11-07,706.0,2004.0,175.0,218.0
2017-11-08,723.0,1970.0,126.0,202.0
2017-11-09,750.0,2027.0,151.0,242.0
2017-11-10,545.0,1806.0,125.0,196.0
2017-11-11,565.0,1052.0,61.0,103.0
2017-11-12,855.0,1539.0,104.0,174.0
2017-11-13,881.0,2051.0,185.0,272.0
2017-11-14,916.0,2354.0,200.0,291.0
2017-11-15,760.0,2138.0,150.0,234.0
2017-11-16,787.0,2139.0,166.0,235.0
2017-11-17,602.0,1963.0,118.0,190.0
2017-11-18,227.0,247.0,20.0,26.0
2017-11-19,703.0,963.0,107.0,70.0
2017-11-20,786.0,1950.0,141.0,204.0
2017-11-21,786.0,2130.0,133.0,243.0
2017-11-22,802.0,2134.0,168.0,222.0
2017-11-23,656.0,2059.0,158.0,257.0
2017-11-24,630.0,1857.0,196.0,204.0
2017-11-25,616.0,1298.0,77.0,87.0
2017-11-26,730.0,1379.0,84.0,90.0
2017-11-27,826.0,2025.0,161.0,240.0
2017-11-28,759.0,2364.0,154.0,267.0
2017-11-29,382.0,959.0,71.0,73.0
2017-11-30,549.0,1519.0,111.0,127.0
2017-12-01,563.0,1597.0,139.0,183.0
2017-12-02,491.0,1219.0,78.0,104.0
2017-12-03,571.0,1026.0,89.0,97.0
2017-12-04,474.0,1343.0,147.0,181.0
2017-12-05,825.0,1929.0,206.0,217.0
2017-12-06,744.0,2108.0,292.0,296.0
2017-12-07,647.0,1919.0,381.0,249.0
2017-12-08,414.0,1509.0,150.0,152.0
2017-12-09,412.0,1174.0,207.0,89.0
2017-12-10,714.0,1180.0,117.0,83.0
2017-12-11,737.0,1891.0,191.0,256.0
2017-12-12,791.0,2197.0,217.0,297.0
2017-12-13,683.0,2172.0,183.0,246.0
2017-12-14,623.0,1976.0,169.0,218.0
2017-12-15,528.0,1644.0,137.0,168.0
2017-12-16,466.0,1184.0,59.0,78.0
2017-12-17,566.0,1192.0,74.0,92.0
2017-12-18,647.0,1841.0,173.0,253.0
2017-12-19,630.0,2068.0,148.0,285.0
2017-12-20,555.0,1967.0,145.0,249.0
2017-12-21,483.0,1715.0,114.0,252.0
2017-12-22,388.0,1337.0,110.0,140.0
2017-12-23,461.0,980.0,65.0,91.0
2017-12-24,394.0,1036.0,53.0,72.0
2017-12-25,249.0,497.0,31.0,36.0
2017-12-26,366.0,735.0,43.0,77.0
2017-12-27,533.0,1119.0,117.0,124.0
2017-12-28,504.0,1186.0,116.0,123.0
2017-12-29,481.0,1106.0,119.0,98.0
2017-12-30,438.0,1098.0,110.0,80.0
2017-12-31,520.0,899.0,65.0,61.0
2018-01-01,553.0,755.0,48.0,62.0
2018-01-02,592.0,1428.0,100.0,154.0
2018-01-03,687.0,1629.0,110.0,195.0
2018-01-04,671.0,1729.0,109.0,200.0
2018-01-05,571.0,1653.0,94.0,213.0
2018-01-06,644.0,1227.0,58.0,78.0
2018-01-07,742.0,1321.0,78.0,116.0
2018-01-08,749.0,1827.0,137.0,260.0
2018-01-09,786.0,2224.0,141.0,300.0
2018-01-10,759.0,2085.0,129.0,274.0
2018-01-11,728.0,2108.0,104.0,246.0
2018-01-12,559.0,1914.0,167.0,168.0
2018-01-13,376.0,1149.0,31.0,101.0
2018-01-14,523.0,1135.0,29.0,88.0
2018-01-15,813.0,2096.0,139.0,243.0
2018-01-16,875.0,2395.0,131.0,276.0
2018-01-17,835.0,2300.0,134.0,267.0
2018-01-18,772.0,2141.0,103.0,249.0
2018-01-19,607.0,1927.0,104.0,179.0
2018-01-20,607.0,1443.0,52.0,110.0
2018-01-21,770.0,1653.0,69.0,141.0
2018-01-22,776.0,2073.0,131.0,232.0
2018-01-23,798.0,2629.0,102.0,296.0
2018-01-24,706.0,2389.0,103.0,252.0
2018-01-25,506.0,1777.0,76.0,182.0
2018-01-26,564.0,1514.0,49.0,133.0
2018-01-27,514.0,1170.0,39.0,95.0
2018-01-28,608.0,1347.0,53.0,104.0
2018-01-29,653.0,2070.0,105.0,267.0
2018-01-30,720.0,2449.0,122.0,273.0
2018-01-31,553.0,2264.0,84.0,240.0
2018-02-01,674.0,1835.0,140.0,248.0
2018-02-02,185.0,576.0,67.0,87.0
2018-02-03,387.0,410.0,39.0,37.0
2018-02-04,889.0,1509.0,93.0,113.0
2018-02-05,810.0,2266.0,110.0,244.0
2018-02-06,804.0,2633.0,133.0,299.0
2018-02-07,810.0,2437.0,113.0,231.0
2018-02-08,800.0,2409.0,123.0,260.0
2018-02-09,628.0,2048.0,87.0,204.0
2018-02-10,564.0,1454.0,47.0,111.0
2018-02-11,505.0,1340.0,41.0,111.0
2018-02-12,676.0,1966.0,83.0,237.0
2018-02-13,519.0,2146.0,76.0,277.0
2018-02-14,509.0,2121.0,74.0,219.0
2018-02-15,422.0,1965.0,52.0,219.0
2018-02-16,357.0,1812.0,50.0,196.0
2018-02-17,538.0,1109.0,52.0,82.0
2018-02-18,740.0,1611.0,58.0,139.0
2018-02-19,757.0,2247.0,107.0,240.0
2018-02-20,806.0,2500.0,118.0,256.0
2018-02-21,646.0,1944.0,136.0,272.0
2018-02-22,566.0,1699.0,109.0,209.0
2018-02-23,28.0,446.0,32.0,52.0
2018-02-24,452.0,443.0,32.0,41.0
2018-02-25,776.0,1394.0,65.0,91.0
2018-02-26,579.0,2020.0,80.0,236.0
2018-02-27,749.0,2262.0,138.0,315.0
2018-02-28,795.0,2414.0,151.0,316.0
2018-03-01,629.0,2113.0,82.0,243.0
2018-03-02,552.0,2021.0,116.0,252.0
2018-03-03,635.0,1293.0,67.0,118.0
2018-03-04,607.0,1255.0,72.0,158.0
2018-03-05,689.0,1617.0,129.0,231.0
2018-03-06,395.0,1107.0,92.0,170.0
2018-03-07,632.0,1457.0,120.0,245.0
2018-03-08,664.0,2025.0,125.0,254.0
2018-03-09,628.0,1732.0,115.0,228.0
2018-03-10,565.0,1085.0,38.0,94.0
2018-03-11,684.0,957.0,53.0,85.0
2018-03-12,854.0,2000.0,126.0,252.0
2018-03-13,727.0,2224.0,165.0,324.0
2018-03-14,735.0,1595.0,122.0,197.0
2018-03-15,703.0,2178.0,133.0,265.0
2018-03-16,628.0,1933.0,103.0,194.0
2018-03-17,678.0,1351.0,45.0,103.0
2018-03-18,952.0,1486.0,78.0,135.0
2018-03-19,729.0,2072.0,89.0,242.0
2018-03-20,799.0,2296.0,143.0,296.0
2018-03-21,528.0,1574.0,98.0,227.0
2018-03-22,604.0,1382.0,96.0,192.0
2018-03-23,611.0,1707.0,102.0,189.0
2018-03-24,751.0,1356.0,69.0,141.0
2018-03-25,793.0,1439.0,72.0,109.0
2018-03-26,723.0,2018.0,131.0,316.0
2018-03-27,669.0,2041.0,123.0,280.0
2018-03-28,700.0,2082.0,119.0,299.0
2018-03-29,381.0,1071.0,73.0,155.0
2018-03-30,762.0,1219.0,55.0,106.0
2018-03-31,630.0,1199.0,64.0,97.0
2018-04-01,673.0,1134.0,56.0,99.0
2018-04-02,853.0,1432.0,78.0,114.0
2018-04-03,785.0,1846.0,135.0,252.0
2018-04-04,567.0,1162.0,93.0,184.0
2018-04-05,763.0,1852.0,125.0,258.0
2018-04-06,666.0,1734.0,99.0,241.0
2018-04-07,773.0,1422.0,64.0,129.0
2018-04-08,945.0,1574.0,90.0,182.0
2018-04-09,797.0,1966.0,136.0,261.0
2018-04-10,874.0,2230.0,149.0,295.0
2018-04-11,793.0,2181.0,155.0,291.0
2018-04-12,825.0,2158.0,181.0,278.0
2018-04-13,635.0,1917.0,130.0,250.0
2018-04-14,713.0,1381.0,71.0,114.0
2018-04-15,855.0,1765.0,91.0,155.0
2018-04-16,804.0,2286.0,123.0,326.0
2018-04-17,817.0,2526.0,175.0,337.0
2018-04-18,707.0,1828.0,119.0,276.0
2018-04-19,699.0,2105.0,149.0,328.0
2018-04-20,438.0,1783.0,92.0,197.0
2018-04-21,763.0,1265.0,69.0,102.0
2018-04-22,940.0,1540.0,84.0,169.0
2018-04-23,767.0,2073.0,147.0,337.0
2018-04-24,733.0,2262.0,171.0,343.0
2018-04-25,1093.0,1967.0,87.0,135.0
2018-04-26,680.0,2188.0,137.0,293.0
2018-04-27,685.0,2037.0,145.0,259.0
2018-04-28,785.0,1352.0,77.0,124.0
2018-04-29,1027.0,1705.0,93.0,170.0
2018-04-30,817.0,2112.0,145.0,301.0
2018-05-01,853.0,2441.0,184.0,332.0
2018-05-02,818.0,2351.0,142.0,279.0
2018-05-03,793.0,2313.0,146.0,288.0
2018-05-04,688.0,2081.0,120.0,226.0
2018-05-05,792.0,1419.0,66.0,123.0
2018-05-06,832.0,1455.0,79.0,143.0
2018-05-07,811.0,1318.0,102.0,135.0
2018-05-08,437.0,1139.0,87.0,136.0
2018-05-09,891.0,2159.0,152.0,296.0
2018-05-10,815.0,2297.0,166.0,305.0
2018-05-11,612.0,1886.0,126.0,209.0
2018-05-12,790.0,1274.0,60.0,85.0
2018-05-13,915.0,1198.0,65.0,102.0
2018-05-14,785.0,2092.0,150.0,300.0
2018-05-15,874.0,2444.0,162.0,348.0
2018-05-16,840.0,2152.0,157.0,286.0
2018-05-17,732.0,2123.0,132.0,306.0
2018-05-18,644.0,2058.0,128.0,235.0
2018-05-19,737.0,1465.0,84.0,146.0
2018-05-20,954.0,1556.0,108.0,159.0
2018-05-21,758.0,1996.0,154.0,309.0
2018-05-22,863.0,2263.0,178.0,337.0
2018-05-23,772.0,2031.0,146.0,357.0
2018-05-24,792.0,2114.0,125.0,301.0
2018-05-25,607.0,1861.0,110.0,235.0
2018-05-26,552.0,1059.0,62.0,83.0
2018-05-27,943.0,1296.0,76.0,96.0
2018-05-28,599.0,1713.0,128.0,247.0
2018-05-29,802.0,2041.0,157.0,284.0
2018-05-30,821.0,2173.0,174.0,314.0
2018-05-31,718.0,2042.0,142.0,291.0
2018-06-01,669.0,1841.0,113.0,223.0
2018-06-02,833.0,1263.0,62.0,116.0
2018-06-03,967.0,1570.0,128.0,199.0
2018-06-04,854.0,1866.0,142.0,328.0
2018-06-05,870.0,2166.0,145.0,332.0
2018-06-06,734.0,1857.0,131.0,296.0
2018-06-07,506.0,994.0,74.0,121.0
2018-06-08,574.0,1567.0,115.0,183.0
2018-06-09,754.0,1332.0,82.0,122.0
2018-06-10,930.0,1204.0,63.0,101.0
2018-06-11,772.0,1958.0,0.0,283.0
2018-06-12,856.0,2158.0,0.0,286.0
2018-06-13,747.0,2105.0,0.0,275.0
2018-06-14,732.0,1886.0,0.0,258.0
2018-06-15,655.0,1741.0,0.0,188.0
2018-06-16,775.0,1185.0,0.0,83.0
2018-06-17,866.0,1236.0,0.0,76.0
2018-06-18,646.0,1545.0,0.0,221.0
2018-06-19,748.0,1679.0,0.0,251.0
2018-06-20,710.0,1832.0,0.0,230.0
2018-06-21,684.0,1744.0,0.0,232.0
2018-06-22,568.0,1593.0,0.0,194.0
2018-06-23,696.0,1238.0,0.0,102.0
2018-06-24,957.0,1230.0,0.0,111.0
2018-06-25,723.0,1724.0,0.0,245.0
2018-06-26,725.0,1825.0,0.0,226.0
2018-06-27,378.0,1108.0,0.0,154.0
2018-06-28,534.0,1187.0,0.0,151.0
2018-06-29,555.0,1580.0,0.0,188.0
2018-06-30,611.0,1191.0,0.0,34.0
2018-07-01,760.0,1167.0,0.0,0.0
2018-07-02,699.0,1553.0,0.0,0.0
2018-07-03,785.0,1899.0,,
2018-07-04,704.0,1660.0,149.0,272.0
2018-07-05,421.0,1080.0,103.0,165.0
2018-07-06,572.0,1173.0,95.0,168.0
2018-07-07,653.0,1064.0,49.0,91.0
2018-07-08,835.0,1223.0,84.0,155.0
2018-07-09,773.0,1664.0,123.0,290.0
2018-07-10,752.0,1872.0,170.0,275.0
2018-07-11,545.0,1661.0,128.0,225.0
2018-07-12,664.0,1280.0,142.0,212.0
2018-07-13,613.0,1645.0,111.0,213.0
2018-07-14,730.0,1202.0,86.0,116.0
2018-07-15,894.0,1339.0,87.0,143.0
2018-07-16,731.0,1710.0,158.0,284.0
2018-07-17,811.0,2006.0,185.0,295.0
2018-07-18,715.0,1888.0,128.0,291.0
2018-07-19,728.0,1736.0,116.0,269.0
2018-07-20,595.0,1556.0,93.0,227.0
2018-07-21,694.0,1222.0,71.0,101.0
2018-07-22,863.0,1342.0,74.0,111.0
2018-07-23,676.0,1784.0,131.0,301.0
2018-07-24,832.0,2107.0,156.0,308.0
2018-07-25,658.0,2003.0,139.0,266.0
2018-07-26,733.0,1917.0,163.0,263.0
2018-07-27,653.0,1971.0,116.0,235.0
2018-07-28,735.0,1189.0,85.0,152.0
2018-07-29,940.0,1546.0,97.0,171.0
2018-07-30,836.0,1864.0,177.0,275.0
2018-07-31,878.0,2143.0,193.0,331.0
2018-08-01,843.0,2031.0,147.0,291.0
2018-08-02,754.0,2029.0,160.0,287.0
2018-08-03,660.0,1908.0,141.0,240.0
2018-08-04,771.0,1265.0,85.0,101.0
2018-08-05,970.0,1475.0,97.0,145.0
2018-08-06,758.0,1983.0,153.0,297.0
2018-08-07,809.0,2012.0,181.0,286.0
2018-08-08,785.0,1998.0,162.0,293.0
2018-08-09,799.0,1941.0,169.0,256.0
2018-08-10,644.0,1851.0,147.0,242.0
2018-08-11,796.0,1367.0,83.0,139.0
2018-08-12,895.0,1316.0,87.0,124.0
2018-08-13,800.0,1808.0,163.0,283.0
2018-08-14,743.0,1743.0,154.0,255.0
2018-08-15,998.0,1643.0,131.0,203.0
2018-08-16,738.0,1816.0,149.0,247.0
2018-08-17,678.0,1792.0,139.0,231.0
2018-08-18,787.0,1197.0,90.0,141.0
2018-08-19,878.0,1286.0,81.0,126.0
2018-08-20,722.0,1729.0,157.0,236.0
2018-08-21,801.0,1951.0,166.0,291.0
2018-08-22,821.0,1935.0,173.0,264.0
2018-08-23,730.0,1942.0,149.0,278.0
2018-08-24,638.0,1748.0,137.0,225.0
2018-08-25,628.0,944.0,58.0,76.0
2018-08-26,456.0,267.0,40.0,23.0
2018-08-27,821.0,1878.0,192.0,272.0
2018-08-28,799.0,2205.0,169.0,334.0
2018-08-29,832.0,2031.0,182.0,321.0
2018-08-30,777.0,1991.0,162.0,289.0
2018-08-31,655.0,1781.0,108.0,222.0
2018-09-01,686.0,1060.0,84.0,115.0
2018-09-02,893.0,1548.0,80.0,151.0
2018-09-03,592.0,1681.0,140.0,281.0
2018-09-04,641.0,1553.0,122.0,249.0
2018-09-05,665.0,1427.0,118.0,226.0
2018-09-06,713.0,1867.0,153.0,253.0
2018-09-07,640.0,1972.0,130.0,251.0
2018-09-08,489.0,702.0,52.0,61.0
2018-09-09,943.0,1496.0,72.0,160.0
2018-09-10,823.0,1953.0,164.0,327.0
2018-09-11,889.0,2313.0,180.0,335.0
2018-09-12,804.0,1983.0,164.0,323.0
2018-09-13,760.0,2036.0,155.0,288.0
2018-09-14,659.0,2008.0,137.0,232.0
2018-09-15,756.0,1404.0,75.0,122.0
2018-09-16,877.0,1479.0,79.0,125.0
2018-09-17,789.0,1967.0,177.0,315.0
2018-09-18,907.0,2212.0,166.0,336.0
2018-09-19,800.0,2277.0,141.0,294.0
2018-09-20,701.0,2034.0,146.0,263.0
2018-09-21,617.0,1890.0,148.0,235.0
2018-09-22,679.0,1264.0,72.0,115.0
2018-09-23,807.0,1527.0,66.0,145.0
2018-09-24,641.0,1781.0,139.0,293.0
2018-09-25,646.0,1899.0,126.0,216.0
2018-09-26,779.0,2071.0,146.0,284.0
2018-09-27,682.0,1838.0,140.0,262.0
2018-09-28,649.0,1805.0,117.0,221.0
2018-09-29,723.0,1385.0,69.0,95.0
2018-09-30,500.0,431.0,44.0,45.0
2018-10-01,1059.0,1692.0,93.0,165.0
2018-10-02,828.0,2222.0,152.0,325.0
2018-10-03,876.0,2427.0,154.0,322.0
2018-10-04,812.0,2228.0,148.0,331.0
2018-10-05,592.0,1819.0,146.0,208.0
2018-10-06,534.0,712.0,61.0,77.0
2018-10-07,1211.0,1531.0,80.0,93.0
2018-10-08,716.0,2109.0,155.0,318.0
2018-10-09,747.0,2137.0,170.0,325.0
2018-10-10,829.0,2217.0,159.0,290.0
2018-10-11,613.0,1775.0,108.0,254.0
2018-10-12,426.0,1487.0,97.0,156.0
2018-10-13,271.0,171.0,19.0,17.0
2018-10-14,404.0,274.0,25.0,27.0
2018-10-15,280.0,554.0,83.0,124.0
2018-10-16,721.0,1343.0,130.0,201.0
2018-10-17,731.0,2153.0,138.0,327.0
2018-10-18,566.0,1520.0,129.0,246.0
2018-10-19,701.0,1947.0,114.0,253.0
2018-10-20,794.0,1491.0,60.0,126.0
2018-10-21,652.0,1060.0,53.0,126.0
2018-10-22,852.0,2147.0,152.0,304.0
2018-10-23,918.0,2619.0,167.0,365.0
2018-10-24,886.0,2420.0,179.0,285.0
2018-10-25,720.0,2268.0,155.0,330.0
2018-10-26,603.0,1973.0,103.0,228.0
2018-10-27,673.0,1326.0,65.0,106.0
2018-10-28,730.0,1450.0,83.0,101.0
2018-10-29,591.0,1449.0,107.0,260.0
2018-10-30,939.0,2448.0,158.0,364.0
2018-10-31,874.0,2425.0,176.0,334.0
2018-11-01,813.0,2155.0,160.0,335.0
2018-11-02,683.0,2041.0,128.0,260.0
2018-11-03,718.0,1269.0,71.0,101.0
2018-11-04,794.0,1326.0,50.0,107.0
2018-11-05,734.0,2005.0,137.0,283.0
2018-11-06,738.0,2335.0,116.0,271.0
2018-11-07,691.0,2247.0,111.0,271.0
2018-11-08,794.0,1993.0,144.0,320.0
2018-11-09,655.0,1992.0,442.0,76.0
2018-11-10,743.0,1325.0,202.0,26.0
2018-11-11,915.0,1577.0,186.0,51.0
2018-11-12,875.0,2066.0,420.0,52.0
2018-11-13,869.0,2338.0,457.0,45.0
2018-11-14,823.0,2276.0,459.0,46.0
2018-11-15,767.0,2024.0,434.0,39.0
2018-11-16,603.0,2033.0,375.0,34.0
2018-11-17,446.0,1201.0,143.0,19.0
2018-11-18,819.0,1260.0,154.0,25.0
2018-11-19,846.0,2161.0,491.0,74.0
2018-11-20,855.0,2550.0,493.0,56.0
2018-11-21,683.0,2363.0,406.0,37.0
2018-11-22,674.0,1692.0,375.0,37.0
2018-11-23,580.0,1802.0,363.0,44.0
2018-11-24,680.0,1240.0,144.0,23.0
2018-11-25,684.0,1208.0,143.0,37.0
2018-11-26,766.0,1813.0,409.0,62.0
2018-11-27,796.0,2412.0,503.0,34.0
2018-11-28,661.0,1832.0,197.0,25.0
2018-11-29,665.0,1872.0,401.0,42.0
2018-11-30,594.0,1883.0,373.0,31.0
2018-12-01,526.0,1236.0,119.0,29.0
2018-12-02,550.0,1123.0,110.0,19.0
2018-12-03,514.0,1654.0,389.0,62.0
2018-12-04,599.0,2181.0,459.0,51.0
2018-12-05,709.0,2107.0,421.0,47.0
2018-12-06,646.0,1980.0,387.0,36.0
2018-12-07,540.0,1825.0,300.0,32.0
2018-12-08,630.0,1289.0,158.0,24.0
2018-12-09,706.0,1374.0,157.0,25.0
2018-12-10,735.0,1999.0,443.0,57.0
2018-12-11,742.0,2375.0,457.0,55.0
2018-12-12,686.0,2224.0,417.0,52.0
2018-12-13,594.0,2060.0,401.0,38.0
2018-12-14,407.0,1280.0,202.0,23.0
2018-12-15,409.0,878.0,112.0,8.0
2018-12-16,147.0,183.0,44.0,9.0
2018-12-17,503.0,1303.0,251.0,17.0
2018-12-18,668.0,1718.0,398.0,40.0
2018-12-19,593.0,1957.0,381.0,38.0
2018-12-20,501.0,1694.0,283.0,25.0
2018-12-21,257.0,1219.0,120.0,28.0
2018-12-22,395.0,737.0,85.0,14.0
2018-12-23,504.0,1135.0,123.0,28.0
2018-12-24,432.0,1090.0,169.0,12.0
2018-12-25,449.0,494.0,84.0,13.0
2018-12-26,525.0,913.0,110.0,21.0
2018-12-27,584.0,1172.0,176.0,23.0
2018-12-28,566.0,1194.0,164.0,23.0
2018-12-29,557.0,1159.0,131.0,20.0
2018-12-30,598.0,1234.0,146.0,32.0
2018-12-31,663.0,1119.0,131.0,17.0
