Date,daily_rainfall,solar_exposure,maximum_temperature
2014-01-01,0.0,31.2,30.6
2014-01-02,0.0,23.4,31.8
2014-01-03,1.0,29.6,34.5
2014-01-04,0.0,30.5,38.7
2014-01-05,0.0,15.7,33.6
2014-01-06,0.0,18.7,34.8
2014-01-07,40.2,27.2,31.2
2014-01-08,0.4,22.1,29.6
2014-01-09,0.2,19.8,28.6
2014-01-10,1.4,14.0,27.8
2014-01-11,0.0,22.6,29.8
2014-01-12,0.0,27.5,30.6
2014-01-13,0.0,24.6,29.6
2014-01-14,0.0,23.8,30.2
2014-01-15,0.0,26.4,30.4
2014-01-16,0.0,25.3,30.6
2014-01-17,0.2,28.8,30.8
2014-01-18,0.0,24.0,30.4
2014-01-19,0.0,30.2,31.8
2014-01-20,0.0,29.9,33.5
2014-01-21,0.0,29.7,32.9
2014-01-22,0.0,26.9,35.3
2014-01-23,2.2,6.0,30.1
2014-01-24,94.0,16.6,29.2
2014-01-25,2.0,11.1,28.7
2014-01-26,1.2,26.6,28.5
2014-01-27,0.0,22.3,28.6
2014-01-28,0.0,17.4,26.7
2014-01-29,0.8,18.1,27.4
2014-01-30,0.2,19.6,28.4
2014-01-31,0.0,12.0,26.9
2014-02-01,0.0,22.3,28.8
2014-02-02,0.0,22.9,30.0
2014-02-03,1.6,20.1,28.7
2014-02-04,0.6,24.0,29.7
2014-02-05,0.0,23.1,29.9
2014-02-06,0.2,18.4,27.4
2014-02-07,0.0,17.5,28.6
2014-02-08,0.0,21.6,29.2
2014-02-09,0.0,11.3,29.1
2014-02-10,0.0,18.1,28.8
2014-02-11,0.0,23.6,29.2
2014-02-12,0.0,22.4,29.8
2014-02-13,0.0,24.0,30.8
2014-02-14,,18.7,30.0
2014-02-15,0.0,26.4,31.6
2014-02-16,0.0,26.9,32.6
2014-02-17,0.0,24.3,34.1
2014-02-18,8.4,18.4,31.3
2014-02-19,0.2,25.9,31.9
2014-02-20,0.0,21.3,33.4
2014-02-21,0.0,18.3,34.0
2014-02-22,2.2,4.7,27.4
2014-02-23,0.0,24.4,30.2
2014-02-24,1.2,20.2,28.5
2014-02-25,1.4,22.5,29.6
2014-02-26,0.0,22.6,29.5
2014-02-27,0.0,26.3,30.7
2014-02-28,0.0,18.8,30.9
2014-03-01,0.6,22.8,30.4
2014-03-02,0.0,17.8,30.2
2014-03-03,1.6,14.7,27.8
2014-03-04,4.6,20.7,28.6
2014-03-05,3.4,13.8,27.9
2014-03-06,0.0,23.7,29.1
2014-03-07,0.0,15.8,28.8
2014-03-08,0.2,20.5,28.9
2014-03-09,1.2,15.4,28.3
2014-03-10,2.2,21.4,28.9
2014-03-11,4.6,19.9,28.7
2014-03-12,0.8,20.8,29.3
2014-03-13,0.0,22.5,29.6
2014-03-14,0.0,19.2,29.0
2014-03-15,0.6,23.1,30.2
2014-03-16,0.0,23.6,32.8
2014-03-17,4.6,22.9,31.8
2014-03-18,0.2,19.0,32.0
2014-03-19,0.0,18.8,30.6
2014-03-20,0.6,21.4,30.0
2014-03-21,0.2,15.3,29.0
2014-03-22,0.6,18.9,29.5
2014-03-23,0.0,20.5,31.6
2014-03-24,0.0,16.2,28.8
2014-03-25,22.4,7.3,26.5
2014-03-26,21.6,8.8,27.2
2014-03-27,5.6,3.0,23.8
2014-03-28,82.6,10.6,28.9
2014-03-29,3.2,20.0,32.6
2014-03-30,0.8,3.8,25.6
2014-03-31,2.2,16.8,29.3
2014-04-01,0.6,20.0,29.3
2014-04-02,0.0,20.0,29.9
2014-04-03,0.0,20.7,29.5
2014-04-04,0.0,17.2,29.5
2014-04-05,0.0,20.6,30.9
2014-04-06,0.0,17.3,31.0
2014-04-07,1.8,14.4,27.8
2014-04-08,0.0,13.0,27.0
2014-04-09,0.0,17.9,27.8
2014-04-10,0.0,17.0,26.3
2014-04-11,0.0,19.3,29.7
2014-04-12,0.0,14.9,31.3
2014-04-13,0.0,3.4,24.6
2014-04-14,8.8,8.1,24.9
2014-04-15,0.0,13.4,25.8
2014-04-16,0.0,18.1,28.2
2014-04-17,0.0,19.3,28.0
2014-04-18,0.0,19.3,28.4
2014-04-19,0.0,19.5,28.6
2014-04-20,0.0,18.9,28.5
2014-04-21,0.0,18.7,29.2
2014-04-22,0.0,18.7,27.5
2014-04-23,0.0,18.1,28.2
2014-04-24,0.0,18.3,29.0
2014-04-25,0.0,17.9,28.9
2014-04-26,0.0,16.5,29.1
2014-04-27,0.0,15.8,29.4
2014-04-28,2.6,11.2,24.6
2014-04-29,0.4,12.8,26.0
2014-04-30,0.0,14.6,27.1
2014-05-01,4.6,14.3,27.4
2014-05-02,1.2,6.2,23.5
2014-05-03,13.8,15.4,21.1
2014-05-04,0.2,16.3,
2014-05-05,0.0,16.2,22.5
2014-05-06,0.0,16.9,22.4
2014-05-07,,12.9,23.7
2014-05-08,0.0,11.7,24.2
2014-05-09,0.0,16.0,24.7
2014-05-10,0.0,9.6,24.0
2014-05-11,0.2,14.6,25.4
2014-05-12,0.0,10.7,24.7
2014-05-13,3.6,14.4,24.8
2014-05-14,0.0,12.5,23.2
2014-05-15,0.0,14.3,24.8
2014-05-16,0.4,10.8,23.0
2014-05-17,1.2,13.3,24.6
2014-05-18,0.6,11.3,25.1
2014-05-19,0.2,10.6,24.7
2014-05-20,0.0,11.7,24.7
2014-05-21,0.0,13.7,25.1
2014-05-22,1.2,11.2,26.1
2014-05-23,0.0,12.3,26.6
2014-05-24,0.6,14.4,27.0
2014-05-25,0.0,14.6,28.4
2014-05-26,0.2,14.5,28.4
2014-05-27,0.0,13.2,26.9
2014-05-28,0.0,14.1,27.9
2014-05-29,0.0,13.4,28.6
2014-05-30,0.0,9.7,24.9
2014-05-31,0.6,10.1,23.4
2014-06-01,0.4,12.3,24.8
2014-06-02,0.0,13.4,25.8
2014-06-03,0.0,11.4,24.6
2014-06-04,0.0,12.0,25.8
2014-06-05,0.0,13.7,26.1
2014-06-06,0.0,12.7,25.9
2014-06-07,0.0,13.8,24.4
2014-06-08,0.0,11.8,23.3
2014-06-09,0.0,11.6,22.4
2014-06-10,0.0,12.8,23.9
2014-06-11,0.0,11.0,22.8
2014-06-12,0.0,11.5,23.6
2014-06-13,1.4,11.8,24.1
2014-06-14,0.8,5.8,21.0
2014-06-15,0.6,14.1,20.6
2014-06-16,0.0,13.9,21.6
2014-06-17,0.0,14.0,22.9
2014-06-18,0.0,13.2,24.3
2014-06-19,0.0,8.0,20.3
2014-06-20,5.8,9.1,22.5
2014-06-21,0.0,12.9,25.6
2014-06-22,5.2,13.0,24.2
2014-06-23,0.2,13.6,24.1
2014-06-24,0.0,7.6,20.9
2014-06-25,0.0,13.6,21.8
2014-06-26,0.0,14.2,24.2
2014-06-27,0.0,14.2,23.6
2014-06-28,0.0,10.6,24.9
2014-06-29,1.6,14.4,19.9
2014-06-30,0.2,14.1,19.1
2014-07-01,0.0,14.5,19.8
2014-07-02,0.0,14.1,21.2
2014-07-03,0.0,13.7,22.6
2014-07-04,0.0,12.3,23.9
2014-07-05,0.4,12.8,24.4
2014-07-06,0.0,14.5,20.5
2014-07-07,0.0,14.4,19.9
2014-07-08,0.0,14.7,21.7
2014-07-09,0.0,14.7,23.4
2014-07-10,0.0,14.7,20.0
2014-07-11,0.0,15.0,22.4
2014-07-12,0.0,15.0,22.6
2014-07-13,0.0,14.3,21.8
2014-07-14,0.0,13.4,21.4
2014-07-15,0.0,9.0,20.5
2014-07-16,0.8,8.4,22.0
2014-07-17,2.0,15.0,22.2
2014-07-18,0.2,15.2,18.7
2014-07-19,0.0,15.2,20.3
2014-07-20,0.0,13.7,23.2
2014-07-21,0.0,10.1,22.2
2014-07-22,0.0,10.9,22.6
2014-07-23,2.4,14.2,22.8
2014-07-24,0.2,13.8,23.3
2014-07-25,0.0,14.7,23.8
2014-07-26,0.0,9.4,22.7
2014-07-27,8.0,15.7,24.4
2014-07-28,0.2,15.7,23.7
2014-07-29,0.0,16.1,25.1
2014-07-30,0.0,16.5,25.9
2014-07-31,0.0,16.1,25.4
2014-08-01,0.0,14.8,28.5
2014-08-02,0.0,16.6,21.4
2014-08-03,0.0,12.4,21.4
2014-08-04,2.0,11.5,20.2
2014-08-05,0.4,13.7,21.8
2014-08-06,,15.1,22.3
2014-08-07,0.0,16.6,24.0
2014-08-08,0.0,14.4,23.3
2014-08-09,0.0,11.1,21.9
2014-08-10,0.0,16.3,24.6
2014-08-11,0.0,17.0,25.9
2014-08-12,0.0,13.7,22.1
2014-08-13,0.0,15.8,22.6
2014-08-14,0.0,11.7,21.6
2014-08-15,0.0,10.1,20.9
2014-08-16,4.0,4.9,17.4
2014-08-17,51.6,16.8,22.5
2014-08-18,0.0,16.1,20.9
2014-08-19,0.0,18.0,24.3
2014-08-20,0.0,17.3,24.2
2014-08-21,0.0,15.5,23.2
2014-08-22,3.2,4.2,17.1
2014-08-23,22.4,6.7,18.5
2014-08-24,6.0,13.6,22.8
2014-08-25,0.0,13.0,24.0
2014-08-26,0.0,17.1,23.9
2014-08-27,0.0,15.3,23.8
2014-08-28,3.6,12.5,23.7
2014-08-29,0.0,19.3,23.9
2014-08-30,0.0,18.3,24.3
2014-08-31,0.0,18.9,25.8
2014-09-01,0.0,18.1,25.3
2014-09-02,0.0,14.9,29.1
2014-09-03,0.0,20.9,23.1
2014-09-04,0.0,20.9,23.9
2014-09-05,0.0,20.5,23.8
2014-09-06,0.0,15.6,23.4
2014-09-07,0.0,15.9,23.1
2014-09-08,3.0,13.6,23.0
2014-09-09,0.0,17.2,23.6
2014-09-10,0.0,19.7,28.3
2014-09-11,0.0,21.7,27.0
2014-09-12,0.0,17.1,25.2
2014-09-13,0.0,14.5,24.2
2014-09-14,0.0,20.3,24.7
2014-09-15,0.0,21.1,26.3
2014-09-16,0.0,20.6,26.9
2014-09-17,0.0,23.0,29.5
2014-09-18,0.0,23.2,27.3
2014-09-19,0.0,22.5,24.7
2014-09-20,0.0,15.7,24.0
2014-09-21,0.0,18.9,24.4
2014-09-22,0.6,15.5,23.4
2014-09-23,3.0,17.5,23.9
2014-09-24,0.8,14.8,23.4
2014-09-25,0.0,15.2,26.3
2014-09-26,9.8,17.9,25.5
2014-09-27,0.0,20.6,26.6
2014-09-28,10.4,18.9,23.9
2014-09-29,0.0,23.3,24.9
2014-09-30,0.0,23.5,26.2
2014-10-01,0.0,23.8,31.4
2014-10-02,0.0,15.6,23.2
2014-10-03,0.0,23.8,26.0
2014-10-04,0.0,19.6,25.8
2014-10-05,0.0,24.1,26.9
2014-10-06,0.0,24.5,27.2
2014-10-07,0.0,24.6,26.9
2014-10-08,0.0,23.4,31.7
2014-10-09,0.0,14.4,25.3
2014-10-10,0.0,17.4,25.4
2014-10-11,0.0,21.3,26.4
2014-10-12,0.0,23.8,26.2
2014-10-13,0.0,25.3,26.9
2014-10-14,3.2,22.0,27.7
2014-10-15,0.0,25.8,26.2
2014-10-16,0.0,20.5,26.7
2014-10-17,0.0,25.7,30.2
2014-10-18,0.0,23.5,26.5
2014-10-19,0.0,24.3,26.9
2014-10-20,0.0,27.3,26.6
2014-10-21,0.0,15.0,27.1
2014-10-22,0.0,21.5,25.5
2014-10-23,0.0,27.9,27.0
2014-10-24,0.0,27.5,27.3
2014-10-25,0.0,27.2,28.6
2014-10-26,0.0,27.4,29.0
2014-10-27,0.0,26.8,34.0
2014-10-28,2.6,27.6,34.2
2014-10-29,0.0,27.4,30.7
2014-10-30,0.0,27.5,28.8
2014-10-31,0.0,25.1,30.4
2014-11-01,0.0,25.4,30.9
2014-11-02,0.0,24.7,31.2
2014-11-03,0.0,5.4,23.8
2014-11-04,0.0,18.5,26.4
2014-11-05,0.0,25.1,27.0
2014-11-06,0.0,27.1,28.4
2014-11-07,9.2,23.3,29.1
2014-11-08,0.0,29.3,29.1
2014-11-09,0.0,30.0,28.5
2014-11-10,0.0,27.4,29.2
2014-11-11,0.0,27.9,29.9
2014-11-12,0.0,17.2,28.3
2014-11-13,9.2,21.5,28.6
2014-11-14,0.2,28.6,30.0
2014-11-15,0.0,28.5,32.2
2014-11-16,0.0,24.3,38.9
2014-11-17,0.0,26.9,30.3
2014-11-18,2.6,13.1,28.3
2014-11-19,13.8,12.0,30.0
2014-11-20,56.0,21.8,28.9
2014-11-21,0.0,26.6,30.4
2014-11-22,0.0,27.7,31.5
2014-11-23,0.0,28.5,30.4
2014-11-24,0.0,29.3,30.5
2014-11-25,0.0,29.4,31.1
2014-11-26,3.6,16.0,29.1
2014-11-27,3.0,23.4,32.0
2014-11-28,43.4,15.1,27.4
2014-11-29,1.0,30.2,27.3
2014-11-30,0.0,29.3,27.8
2014-12-01,0.0,27.2,28.4
2014-12-02,0.0,17.1,29.1
2014-12-03,0.2,28.6,29.8
2014-12-04,0.0,27.7,30.3
2014-12-05,0.0,17.3,30.0
2014-12-06,11.6,11.2,28.4
2014-12-07,1.4,25.6,30.3
2014-12-08,0.0,11.4,30.4
2014-12-09,25.2,22.2,33.2
2014-12-10,0.6,23.2,29.9
2014-12-11,0.0,10.0,32.2
2014-12-12,27.0,7.4,24.7
2014-12-13,3.8,8.0,24.9
2014-12-14,0.0,13.6,26.3
2014-12-15,0.0,31.1,28.8
2014-12-16,0.0,30.0,30.0
2014-12-17,0.0,30.9,35.0
2014-12-18,1.2,23.5,32.4
2014-12-19,16.8,29.3,34.7
2014-12-20,0.0,20.3,29.1
2014-12-21,0.0,20.5,29.3
2014-12-22,0.0,28.0,28.5
2014-12-23,0.0,24.8,28.8
2014-12-24,0.0,29.9,30.3
2014-12-25,0.0,24.0,30.2
2014-12-26,0.0,16.1,31.7
2014-12-27,7.2,3.5,23.4
2014-12-28,22.4,6.6,27.0
2014-12-29,6.0,13.7,29.9
2014-12-30,1.0,29.9,35.5
2014-12-31,0.0,26.7,33.9
2015-01-01,12.2,23.4,31.3
2015-01-02,0.2,23.2,30.5
2015-01-03,1.2,11.7,28.9
2015-01-04,16.8,24.8,30.2
2015-01-05,0.0,10.9,28.1
2015-01-06,21.6,28.3,29.5
2015-01-07,0.0,14.6,27.1
2015-01-08,1.8,15.7,28.4
2015-01-09,3.6,25.7,29.5
2015-01-10,0.0,28.0,30.2
2015-01-11,0.0,9.8,28.2
2015-01-12,14.6,10.0,30.4
2015-01-13,38.6,11.8,28.4
2015-01-14,0.2,13.1,30.3
2015-01-15,,28.6,36.0
2015-01-16,0.0,30.8,32.5
2015-01-17,0.0,27.3,35.3
2015-01-18,0.0,28.3,36.7
2015-01-19,0.0,24.3,31.8
2015-01-20,35.8,21.4,29.2
2015-01-21,0.2,24.4,30.0
2015-01-22,1.0,10.6,28.6
2015-01-23,100.4,2.6,24.8
2015-01-24,65.2,17.1,30.8
2015-01-25,0.0,28.1,36.7
2015-01-26,0.0,24.4,33.1
2015-01-27,0.0,21.0,30.2
2015-01-28,5.2,9.9,28.1
2015-01-29,0.0,22.4,28.9
2015-01-30,3.8,26.8,29.0
2015-01-31,0.0,29.1,31.8
2015-02-01,17.2,30.3,34.4
2015-02-02,0.0,26.2,29.6
2015-02-03,2.2,19.8,
2015-02-04,,23.5,28.6
2015-02-05,0.0,26.7,29.2
2015-02-06,2.8,26.5,28.3
2015-02-07,0.2,20.1,29.3
2015-02-08,0.2,25.7,29.9
2015-02-09,0.0,25.7,30.3
2015-02-10,5.2,23.0,29.0
2015-02-11,12.2,21.9,28.9
2015-02-12,8.4,18.6,28.9
2015-02-13,1.6,22.8,29.6
2015-02-14,0.4,24.2,29.0
2015-02-15,0.2,19.3,28.8
2015-02-16,0.4,25.3,29.4
2015-02-17,0.4,20.7,29.1
2015-02-18,0.2,16.4,29.2
2015-02-19,4.6,6.5,26.8
2015-02-20,54.0,2.6,22.6
2015-02-21,89.2,3.1,27.3
2015-02-22,68.4,19.0,31.4
2015-02-23,4.4,22.8,30.6
2015-02-24,0.4,20.3,30.8
2015-02-25,0.0,21.6,29.8
2015-02-26,0.2,19.7,29.8
2015-02-27,1.8,20.1,30.2
2015-02-28,0.2,21.2,30.1
2015-03-01,0.0,25.3,31.3
2015-03-02,0.0,20.1,31.6
2015-03-03,0.0,26.0,30.6
2015-03-04,0.0,25.4,30.5
2015-03-05,0.0,24.9,36.1
2015-03-06,0.0,18.1,28.6
2015-03-07,0.0,23.5,30.2
2015-03-08,0.0,25.0,30.9
2015-03-09,0.0,22.5,31.6
2015-03-10,0.0,21.9,30.6
2015-03-11,0.0,17.3,30.1
2015-03-12,0.0,21.6,29.9
2015-03-13,0.0,22.0,29.5
2015-03-14,0.0,21.2,28.8
2015-03-15,0.0,20.9,32.3
2015-03-16,0.0,21.8,28.5
2015-03-17,0.0,17.7,28.8
2015-03-18,0.0,12.7,28.9
2015-03-19,7.6,23.5,33.5
2015-03-20,0.0,20.7,32.4
2015-03-21,0.2,4.3,30.3
2015-03-22,68.0,7.6,26.3
2015-03-23,81.8,17.7,28.3
2015-03-24,0.0,20.3,30.5
2015-03-25,0.0,21.7,31.7
2015-03-26,3.8,17.2,30.7
2015-03-27,0.0,17.9,31.1
2015-03-28,0.0,15.0,28.5
2015-03-29,0.0,20.4,28.5
2015-03-30,0.0,13.8,28.1
2015-03-31,0.0,10.3,26.1
2015-04-01,68.2,7.4,24.8
2015-04-02,8.8,14.3,26.7
2015-04-03,38.4,13.6,27.7
2015-04-04,0.4,14.2,28.5
2015-04-05,1.8,17.2,28.5
2015-04-06,0.0,20.5,
2015-04-07,0.0,14.5,28.4
2015-04-08,0.0,21.5,26.5
2015-04-09,0.0,21.1,26.9
2015-04-10,0.0,19.0,27.2
2015-04-11,0.0,16.0,26.5
2015-04-12,0.0,19.5,28.7
2015-04-13,0.0,16.8,27.0
2015-04-14,0.0,15.9,26.6
2015-04-15,0.0,13.9,26.3
2015-04-16,0.2,18.1,28.2
2015-04-17,0.0,17.8,28.0
2015-04-18,3.4,15.3,27.7
2015-04-19,0.4,16.1,29.0
2015-04-20,14.6,3.8,21.3
2015-04-21,2.0,18.5,21.3
2015-04-22,0.2,18.8,23.8
2015-04-23,0.0,18.8,25.7
2015-04-24,0.0,17.6,28.3
2015-04-25,0.0,18.2,29.4
2015-04-26,0.0,19.0,23.4
2015-04-27,0.0,18.1,25.2
2015-04-28,0.0,17.0,25.2
2015-04-29,,13.3,23.6
2015-04-30,7.8,3.7,18.0
2015-05-01,56.2,3.7,21.0
2015-05-02,182.6,16.8,24.9
2015-05-03,0.0,13.2,24.2
2015-05-04,0.0,16.1,27.3
2015-05-05,0.0,15.9,
2015-05-06,,16.4,29.6
2015-05-07,0.0,16.3,26.1
2015-05-08,,16.4,24.4
2015-05-09,0.0,14.4,23.7
2015-05-10,0.0,16.3,25.1
2015-05-11,0.0,16.3,26.0
2015-05-12,0.0,15.9,25.9
2015-05-13,0.0,16.0,24.9
2015-05-14,0.0,16.1,20.9
2015-05-15,0.0,14.5,24.1
2015-05-16,0.0,11.8,24.0
2015-05-17,1.0,11.3,23.0
2015-05-18,6.6,8.7,22.9
2015-05-19,0.8,9.5,22.7
2015-05-20,0.0,13.2,26.8
2015-05-21,0.2,9.2,25.2
2015-05-22,1.4,15.1,19.9
2015-05-23,0.0,13.9,22.8
2015-05-24,0.0,14.3,23.6
2015-05-25,0.0,12.3,23.5
2015-05-26,0.0,12.1,
2015-05-27,,12.5,24.3
2015-05-28,0.0,13.8,25.1
2015-05-29,0.0,13.6,25.5
2015-05-30,0.0,13.4,27.6
2015-05-31,0.0,9.5,26.1
2015-06-01,0.0,9.0,20.5
2015-06-02,0.0,14.8,19.5
2015-06-03,0.0,12.6,19.7
2015-06-04,0.0,14.2,22.3
2015-06-05,0.0,14.2,21.4
2015-06-06,0.0,13.0,22.1
2015-06-07,0.0,13.5,22.8
2015-06-08,0.2,12.8,24.5
2015-06-09,0.0,11.6,24.2
2015-06-10,0.0,12.8,24.2
2015-06-11,0.0,8.0,21.8
2015-06-12,4.6,9.3,20.1
2015-06-13,1.2,10.9,21.4
2015-06-14,4.2,10.4,22.2
2015-06-15,4.0,10.3,23.2
2015-06-16,1.0,7.6,21.5
2015-06-17,3.4,4.6,21.0
2015-06-18,2.4,13.5,22.7
2015-06-19,0.0,13.2,21.6
2015-06-20,0.0,13.8,20.9
2015-06-21,0.0,13.6,21.1
2015-06-22,0.0,10.0,20.5
2015-06-23,0.0,10.1,20.6
2015-06-24,0.0,9.6,19.6
2015-06-25,0.0,8.2,19.6
2015-06-26,0.2,12.4,22.7
2015-06-27,0.0,11.0,22.6
2015-06-28,2.4,10.5,22.2
2015-06-29,7.0,7.3,18.4
2015-06-30,4.0,12.3,23.1
2015-07-01,0.2,12.7,23.3
2015-07-02,0.0,13.0,19.6
2015-07-03,0.0,14.1,20.7
2015-07-04,0.0,13.5,21.3
2015-07-05,0.0,13.6,22.8
2015-07-06,0.0,14.0,24.1
2015-07-07,0.0,14.5,23.0
2015-07-08,0.0,10.8,20.4
2015-07-09,0.0,9.8,19.4
2015-07-10,0.2,10.2,20.2
2015-07-11,0.4,11.3,21.2
2015-07-12,0.6,14.9,18.3
2015-07-13,0.2,14.4,18.2
2015-07-14,0.0,14.8,19.2
2015-07-15,0.0,12.0,18.2
2015-07-16,0.0,11.0,17.4
2015-07-17,0.0,14.9,16.1
2015-07-18,0.0,15.0,19.4
2015-07-19,0.0,11.8,19.3
2015-07-20,0.0,12.9,20.9
2015-07-21,0.2,10.3,21.6
2015-07-22,2.8,8.9,18.7
2015-07-23,4.4,10.8,23.1
2015-07-24,0.0,10.4,24.4
2015-07-25,0.0,11.8,24.3
2015-07-26,0.2,13.3,25.1
2015-07-27,0.0,13.9,22.9
2015-07-28,0.0,15.5,21.4
2015-07-29,0.0,15.7,21.7
2015-07-30,0.0,15.2,22.8
2015-07-31,0.0,14.8,24.1
2015-08-01,0.0,15.9,23.6
2015-08-02,0.0,16.0,25.7
2015-08-03,0.0,15.8,26.7
2015-08-04,0.0,12.2,21.8
2015-08-05,0.0,17.0,19.1
2015-08-06,0.0,16.7,21.1
2015-08-07,0.0,16.6,21.4
2015-08-08,0.0,17.0,22.1
2015-08-09,0.0,16.0,22.5
2015-08-10,0.0,16.8,23.0
2015-08-11,0.0,17.2,26.4
2015-08-12,0.2,13.2,28.4
2015-08-13,3.6,17.9,22.3
2015-08-14,0.0,17.7,23.0
2015-08-15,0.0,15.4,22.6
2015-08-16,0.0,12.3,21.7
2015-08-17,0.0,15.6,23.4
2015-08-18,0.0,18.1,24.2
2015-08-19,0.0,14.6,22.8
2015-08-20,0.0,11.5,22.1
2015-08-21,0.4,11.6,22.4
2015-08-22,2.2,15.1,24.5
2015-08-23,0.0,10.9,24.1
2015-08-24,0.0,12.6,25.3
2015-08-25,2.2,16.3,29.1
2015-08-26,0.0,16.7,28.5
2015-08-27,0.0,6.0,23.9
2015-08-28,5.0,16.6,24.7
2015-08-29,0.2,12.8,22.9
2015-08-30,13.6,19.8,23.2
2015-08-31,0.2,19.8,23.7
2015-09-01,0.0,20.5,25.1
2015-09-02,,18.2,25.1
2015-09-03,2.4,18.4,25.3
2015-09-04,0.2,18.0,24.9
2015-09-05,0.0,16.6,23.6
2015-09-06,0.0,14.1,24.0
2015-09-07,0.0,16.2,25.5
2015-09-08,0.0,18.5,28.1
2015-09-09,0.0,21.5,25.6
2015-09-10,0.0,18.7,25.0
2015-09-11,0.0,12.5,21.6
2015-09-12,0.0,16.8,24.5
2015-09-13,0.0,17.8,25.4
2015-09-14,0.0,15.4,25.4
2015-09-15,0.0,18.0,25.6
2015-09-16,0.0,21.1,27.4
2015-09-17,10.2,6.8,19.9
2015-09-18,18.0,16.4,22.8
2015-09-19,0.6,19.3,24.0
2015-09-20,0.0,16.9,23.3
2015-09-21,1.6,17.5,24.3
2015-09-22,0.0,21.1,29.4
2015-09-23,0.0,16.8,23.5
2015-09-24,0.6,23.4,23.1
2015-09-25,0.2,15.8,23.4
2015-09-26,0.0,15.4,23.1
2015-09-27,0.4,20.0,24.1
2015-09-28,12.2,22.2,24.8
2015-09-29,0.0,18.4,25.7
2015-09-30,7.8,23.7,26.6
2015-10-01,0.0,23.5,27.7
2015-10-02,0.0,25.0,29.3
2015-10-03,0.0,25.0,27.8
2015-10-04,0.0,25.4,29.0
2015-10-05,0.0,25.5,33.8
2015-10-06,0.0,25.7,30.7
2015-10-07,0.0,25.6,28.3
2015-10-08,0.0,14.6,25.7
2015-10-09,5.8,14.6,25.1
2015-10-10,0.2,19.0,25.6
2015-10-11,0.0,23.9,25.9
2015-10-12,0.0,25.4,27.4
2015-10-13,0.0,22.3,28.0
2015-10-14,0.2,22.3,27.3
2015-10-15,4.4,20.4,26.9
2015-10-16,0.0,22.2,26.6
2015-10-17,0.0,25.7,27.6
2015-10-18,0.0,20.9,27.1
2015-10-19,0.0,21.3,26.5
2015-10-20,0.0,22.3,26.8
2015-10-21,0.0,26.6,27.2
2015-10-22,0.0,19.1,29.3
2015-10-23,20.8,24.1,27.3
2015-10-24,0.0,9.0,24.3
2015-10-25,1.2,15.5,25.4
2015-10-26,0.0,24.4,28.4
2015-10-27,4.8,25.2,30.7
2015-10-28,13.2,7.2,22.3
2015-10-29,5.0,8.4,23.1
2015-10-30,0.2,12.6,24.1
2015-10-31,0.0,18.8,25.2
2015-11-01,0.0,24.6,27.0
2015-11-02,0.0,26.5,29.5
2015-11-03,0.0,28.0,30.5
2015-11-04,11.6,25.2,29.8
2015-11-05,0.0,18.2,29.1
2015-11-06,19.0,20.0,29.3
2015-11-07,0.0,25.5,33.3
2015-11-08,0.4,11.4,25.0
2015-11-09,14.0,20.4,25.9
2015-11-10,0.0,27.3,26.6
2015-11-11,0.0,18.1,26.5
2015-11-12,0.0,18.9,26.4
2015-11-13,0.0,26.4,28.1
2015-11-14,1.0,12.1,26.7
2015-11-15,10.6,19.0,27.3
2015-11-16,0.2,20.3,27.0
2015-11-17,0.6,23.2,26.0
2015-11-18,0.0,30.2,28.2
2015-11-19,0.0,30.2,33.4
2015-11-20,0.0,30.4,30.9
2015-11-21,0.0,29.9,33.3
2015-11-22,0.0,6.5,28.4
2015-11-23,0.0,25.3,29.9
2015-11-24,0.0,19.8,30.5
2015-11-25,0.0,23.0,31.0
2015-11-26,0.0,29.9,31.8
2015-11-27,0.0,28.4,31.1
2015-11-28,0.0,19.0,30.4
2015-11-29,0.2,23.6,31.0
2015-11-30,16.6,26.5,31.8
2015-12-01,0.0,25.1,31.3
2015-12-02,0.4,4.0,27.9
2015-12-03,2.0,18.5,27.9
2015-12-04,0.2,16.7,25.6
2015-12-05,0.0,26.9,28.4
2015-12-06,0.0,28.5,29.1
2015-12-07,0.0,28.8,29.8
2015-12-08,0.0,27.5,30.7
2015-12-09,0.0,21.8,30.8
2015-12-10,0.0,24.0,32.3
2015-12-11,0.6,26.6,32.5
2015-12-12,1.0,2.9,22.4
2015-12-13,9.8,12.3,27.3
2015-12-14,0.8,30.1,29.1
2015-12-15,0.0,25.8,29.9
2015-12-16,0.0,9.0,27.3
2015-12-17,3.8,24.2,29.7
2015-12-18,3.2,19.8,28.6
2015-12-19,0.0,28.1,28.7
2015-12-20,0.0,28.9,30.1
2015-12-21,0.0,31.0,31.2
2015-12-22,0.0,21.9,30.5
2015-12-23,0.0,26.7,30.6
2015-12-24,3.2,8.2,28.1
2015-12-25,9.2,20.4,28.4
2015-12-26,0.4,29.1,32.0
2015-12-27,0.8,13.3,31.2
2015-12-28,0.8,14.6,29.0
2015-12-29,0.0,15.5,26.5
2015-12-30,0.0,25.5,29.8
2015-12-31,0.0,26.5,29.9
2016-01-01,0.0,25.5,30.8
2016-01-02,0.0,29.9,30.1
2016-01-03,0.0,14.9,28.0
2016-01-04,8.8,10.6,26.8
2016-01-05,23.2,3.4,
2016-01-06,,30.1,32.5
2016-01-07,0.0,26.9,30.0
2016-01-08,0.0,22.6,29.5
2016-01-09,0.0,27.4,30.3
2016-01-10,0.0,26.6,30.7
2016-01-11,0.0,30.6,30.4
2016-01-12,0.0,30.3,31.4
2016-01-13,0.0,29.6,30.9
2016-01-14,0.0,29.0,31.1
2016-01-15,0.0,25.3,31.9
2016-01-16,1.0,6.4,26.4
2016-01-17,0.0,22.9,28.3
2016-01-18,0.0,22.7,28.6
2016-01-19,0.0,28.5,29.9
2016-01-20,0.0,30.4,30.5
2016-01-21,0.0,29.8,30.7
2016-01-22,0.0,27.6,32.7
2016-01-23,0.0,7.1,30.1
2016-01-24,10.2,21.9,31.8
2016-01-25,0.0,18.0,30.8
2016-01-26,2.0,7.2,28.5
2016-01-27,0.4,15.9,29.4
2016-01-28,0.2,5.8,29.9
2016-01-29,1.8,18.6,35.7
2016-01-30,1.2,8.6,30.8
2016-01-31,2.6,21.8,34.0
2016-02-01,0.0,24.1,35.0
2016-02-02,0.0,13.5,36.2
2016-02-03,0.2,16.5,34.1
2016-02-04,,3.6,27.4
2016-02-05,,9.8,27.0
2016-02-06,1.2,18.3,29.9
2016-02-07,7.8,12.5,28.6
2016-02-08,0.2,23.6,30.9
2016-02-09,0.0,24.9,30.4
2016-02-10,0.0,23.6,30.9
2016-02-11,0.0,24.8,31.0
2016-02-12,0.0,25.4,30.6
2016-02-13,0.0,14.5,28.9
2016-02-14,0.2,26.1,32.5
2016-02-15,0.0,28.1,34.3
2016-02-16,0.0,27.7,36.0
2016-02-17,0.0,23.6,33.8
2016-02-18,0.0,26.2,32.6
2016-02-19,0.4,18.9,32.7
2016-02-20,3.6,23.0,32.3
2016-02-21,0.0,26.6,31.8
2016-02-22,0.2,25.6,31.8
2016-02-23,0.0,23.6,31.7
2016-02-24,0.0,22.7,32.0
2016-02-25,0.0,26.8,31.9
2016-02-26,0.0,26.0,32.8
2016-02-27,0.0,26.3,35.5
2016-02-28,0.0,15.3,32.9
2016-02-29,0.0,20.2,32.9
2016-03-01,0.4,13.5,30.5
2016-03-02,20.8,18.1,29.8
2016-03-03,6.6,20.6,30.3
2016-03-04,0.4,18.3,29.9
2016-03-05,0.0,13.1,28.6
2016-03-06,1.8,18.4,30.5
2016-03-07,3.2,16.5,30.4
2016-03-08,1.2,14.9,30.1
2016-03-09,6.2,15.8,27.2
2016-03-10,6.8,19.1,30.9
2016-03-11,4.4,11.4,28.2
2016-03-12,0.0,22.0,30.8
2016-03-13,7.0,13.3,28.0
2016-03-14,16.4,18.7,30.0
2016-03-15,0.0,20.4,31.4
2016-03-16,1.4,15.9,30.3
2016-03-17,0.2,16.4,29.3
2016-03-18,0.0,21.7,30.9
2016-03-19,6.8,18.6,33.5
2016-03-20,0.2,13.0,29.7
2016-03-21,0.0,14.1,28.9
2016-03-22,0.0,16.7,28.8
2016-03-23,0.4,21.1,29.4
2016-03-24,2.8,18.4,30.1
2016-03-25,0.0,20.6,30.4
2016-03-26,0.0,21.4,30.8
2016-03-27,3.4,9.5,25.7
2016-03-28,0.4,15.8,28.9
2016-03-29,0.2,21.7,30.7
2016-03-30,0.0,17.9,31.9
2016-03-31,26.4,19.9,31.9
2016-04-01,0.0,18.6,29.5
2016-04-02,0.0,20.8,30.4
2016-04-03,0.0,21.2,30.1
2016-04-04,0.0,18.3,30.0
2016-04-05,0.0,20.3,29.1
2016-04-06,0.0,20.3,29.6
2016-04-07,0.0,20.9,30.8
2016-04-08,0.0,15.7,29.8
2016-04-09,0.0,18.1,30.1
2016-04-10,0.0,19.6,29.7
2016-04-11,0.0,9.1,30.5
2016-04-12,0.0,9.7,27.6
2016-04-13,0.0,16.7,28.5
2016-04-14,1.4,12.7,27.3
2016-04-15,0.6,13.6,26.5
2016-04-16,0.4,15.8,27.3
2016-04-17,0.0,16.0,28.2
2016-04-18,0.0,17.0,28.3
2016-04-19,0.0,15.8,28.7
2016-04-20,0.0,15.7,30.1
2016-04-21,0.0,10.8,27.7
2016-04-22,4.0,18.2,30.4
2016-04-23,0.0,16.3,30.1
2016-04-24,0.0,16.1,28.4
2016-04-25,0.0,13.5,27.6
2016-04-26,1.8,13.0,26.9
2016-04-27,0.0,13.6,27.1
2016-04-28,1.4,13.1,28.3
2016-04-29,0.6,7.3,25.6
2016-04-30,2.6,14.2,29.3
2016-05-01,1.4,6.7,24.6
2016-05-02,15.0,12.4,27.4
2016-05-03,10.6,16.6,29.6
2016-05-04,0.0,17.6,28.9
2016-05-05,0.0,16.7,28.0
2016-05-06,0.0,16.6,28.5
2016-05-07,0.0,15.7,27.7
2016-05-08,0.0,14.4,27.3
2016-05-09,0.6,14.1,28.2
2016-05-10,0.0,10.0,28.4
2016-05-11,0.0,10.8,25.6
2016-05-12,0.0,16.8,26.4
2016-05-13,0.0,16.7,27.0
2016-05-14,0.0,14.3,26.9
2016-05-15,0.0,16.5,27.3
2016-05-16,0.0,15.2,28.1
2016-05-17,0.0,15.2,28.0
2016-05-18,0.0,15.1,27.7
2016-05-19,0.0,11.9,27.7
2016-05-20,0.0,15.0,29.2
2016-05-21,0.0,13.5,26.6
2016-05-22,0.0,10.2,26.5
2016-05-23,0.0,14.7,28.1
2016-05-24,0.0,14.7,27.4
2016-05-25,0.0,14.6,25.6
2016-05-26,0.0,14.5,28.2
2016-05-27,0.0,14.2,25.6
2016-05-28,0.0,14.4,23.6
2016-05-29,0.0,14.0,23.8
2016-05-30,0.0,14.2,23.7
2016-05-31,0.0,12.1,24.9
2016-06-01,0.0,8.9,22.4
2016-06-02,0.0,10.1,20.6
2016-06-03,1.2,9.0,21.2
2016-06-04,48.6,4.1,21.6
2016-06-05,88.2,13.5,19.5
2016-06-06,0.0,10.1,18.7
2016-06-07,0.0,14.0,22.4
2016-06-08,0.0,14.0,24.0
2016-06-09,0.0,13.9,28.1
2016-06-10,0.0,13.8,25.2
2016-06-11,0.0,12.9,23.7
2016-06-12,0.0,8.7,21.8
2016-06-13,1.2,10.7,20.6
2016-06-14,2.0,11.7,23.0
2016-06-15,1.6,10.1,21.4
2016-06-16,2.4,11.0,23.2
2016-06-17,0.0,11.8,22.9
2016-06-18,0.0,8.3,22.5
2016-06-19,3.8,4.6,22.5
2016-06-20,110.6,13.2,20.5
2016-06-21,0.2,12.7,20.6
2016-06-22,0.0,9.2,21.5
2016-06-23,2.4,6.0,19.0
2016-06-24,0.0,12.3,23.5
2016-06-25,0.2,13.9,18.1
2016-06-26,0.0,10.3,17.3
2016-06-27,1.0,7.7,17.4
2016-06-28,1.2,14.0,18.5
2016-06-29,0.2,14.0,21.7
2016-06-30,0.0,12.8,22.4
2016-07-01,0.0,14.0,22.6
2016-07-02,0.0,14.1,21.6
2016-07-03,0.0,14.1,22.1
2016-07-04,0.0,13.6,22.7
2016-07-05,2.0,5.9,19.4
2016-07-06,6.8,14.2,16.6
2016-07-07,0.2,14.3,20.2
2016-07-08,0.0,14.3,23.1
2016-07-09,0.0,14.4,23.0
2016-07-10,0.0,14.4,23.6
2016-07-11,0.0,9.9,21.3
2016-07-12,0.0,8.2,23.5
2016-07-13,0.2,12.7,21.1
2016-07-14,0.0,9.9,17.8
2016-07-15,0.0,11.7,18.9
2016-07-16,0.0,4.9,18.2
2016-07-17,12.6,11.2,23.1
2016-07-18,6.0,11.0,23.5
2016-07-19,0.4,14.4,24.7
2016-07-20,0.0,14.0,25.6
2016-07-21,0.0,14.4,27.1
2016-07-22,0.0,14.8,27.6
2016-07-23,0.0,14.8,29.1
2016-07-24,0.0,15.4,22.8
2016-07-25,0.0,15.3,23.0
2016-07-26,0.0,11.0,19.4
2016-07-27,0.0,8.2,20.3
2016-07-28,0.0,15.6,22.6
2016-07-29,0.0,15.9,24.0
2016-07-30,0.0,16.0,23.4
2016-07-31,0.0,16.1,24.5
2016-08-01,0.0,16.1,25.6
2016-08-02,0.0,9.6,23.8
2016-08-03,8.6,16.1,19.3
2016-08-04,0.8,11.3,20.8
2016-08-05,0.2,14.2,20.9
2016-08-06,0.0,14.1,22.4
2016-08-07,0.0,15.9,22.4
2016-08-08,0.0,15.0,22.8
2016-08-09,0.0,16.0,23.3
2016-08-10,0.0,16.9,24.4
2016-08-11,0.0,15.6,26.4
2016-08-12,5.0,15.3,22.7
2016-08-13,0.0,16.4,23.7
2016-08-14,0.0,17.2,23.6
2016-08-15,0.2,13.7,22.7
2016-08-16,0.2,16.5,22.9
2016-08-17,0.0,15.3,22.7
2016-08-18,1.0,11.7,21.4
2016-08-19,0.4,16.3,23.3
2016-08-20,0.0,13.8,25.3
2016-08-21,4.4,18.5,22.9
2016-08-22,0.2,16.6,24.5
2016-08-23,0.0,15.0,26.3
2016-08-24,1.0,4.9,21.8
2016-08-25,9.6,19.1,20.8
2016-08-26,0.0,16.3,21.0
2016-08-27,0.0,19.3,21.8
2016-08-28,0.0,19.5,23.7
2016-08-29,0.0,19.1,23.7
2016-08-30,0.0,17.8,23.3
2016-08-31,0.0,12.9,23.7
2016-09-01,0.0,15.9,26.1
2016-09-02,0.0,14.9,25.6
2016-09-03,9.6,19.7,23.2
2016-09-04,0.0,20.4,24.2
2016-09-05,0.0,17.4,23.3
2016-09-06,0.2,15.5,23.3
2016-09-07,0.0,11.7,23.7
2016-09-08,0.2,18.2,24.4
2016-09-09,0.0,8.7,22.2
2016-09-10,7.2,11.7,23.3
2016-09-11,14.0,21.4,24.0
2016-09-12,0.0,20.8,25.3
2016-09-13,0.0,19.6,26.5
2016-09-14,0.0,19.4,25.9
2016-09-15,0.0,9.4,26.7
2016-09-16,3.0,19.7,25.7
2016-09-17,0.2,19.9,25.5
2016-09-18,3.0,8.1,22.5
2016-09-19,3.4,13.5,22.3
2016-09-20,0.0,21.2,25.3
2016-09-21,0.6,6.1,21.4
2016-09-22,4.6,21.3,24.7
2016-09-23,0.0,23.5,25.2
2016-09-24,0.0,23.5,26.3
2016-09-25,0.0,19.0,28.8
2016-09-26,0.0,23.8,27.6
2016-09-27,0.0,20.8,26.6
2016-09-28,0.0,24.0,27.0
2016-09-29,0.0,7.3,24.1
2016-09-30,5.8,24.4,25.7
2016-10-01,0.2,24.7,27.0
2016-10-02,0.0,24.5,26.9
2016-10-03,0.0,7.5,26.7
2016-10-04,16.2,24.9,26.2
2016-10-05,0.0,25.3,28.7
2016-10-06,0.0,25.4,29.1
2016-10-07,0.0,25.3,29.0
2016-10-08,0.0,25.3,32.2
2016-10-09,0.0,14.0,25.5
2016-10-10,0.0,24.8,26.4
2016-10-11,0.0,21.7,29.2
2016-10-12,0.0,21.3,24.5
2016-10-13,0.0,20.2,26.1
2016-10-14,0.0,19.9,23.4
2016-10-15,0.0,23.1,24.1
2016-10-16,0.0,26.6,25.4
2016-10-17,0.0,21.8,28.3
2016-10-18,10.8,27.1,25.7
2016-10-19,0.0,27.2,29.4
2016-10-20,0.0,22.3,27.0
2016-10-21,0.0,26.2,26.8
2016-10-22,0.0,21.6,27.6
2016-10-23,3.0,11.8,21.6
2016-10-24,0.0,27.5,25.3
2016-10-25,0.0,27.5,27.5
2016-10-26,0.0,27.7,28.0
2016-10-27,0.0,25.9,29.2
2016-10-28,0.0,25.9,28.6
2016-10-29,0.0,25.6,28.2
2016-10-30,0.0,27.7,27.7
2016-10-31,0.0,13.8,28.3
2016-11-01,1.4,10.7,26.3
2016-11-02,1.2,28.8,28.9
2016-11-03,0.0,21.5,27.5
2016-11-04,0.0,28.8,29.3
2016-11-05,0.0,29.1,34.4
2016-11-06,0.0,29.2,33.3
2016-11-07,0.0,24.9,28.9
2016-11-08,0.0,25.9,32.5
2016-11-09,1.0,25.7,31.7
2016-11-10,3.6,25.7,32.5
2016-11-11,0.0,27.0,31.8
2016-11-12,0.0,19.4,31.6
2016-11-13,19.6,22.8,36.0
2016-11-14,0.2,28.1,30.1
2016-11-15,0.0,26.0,27.4
2016-11-16,0.0,29.0,28.1
2016-11-17,0.0,25.5,28.3
2016-11-18,0.0,27.2,27.3
2016-11-19,0.0,21.2,28.1
2016-11-20,0.0,30.0,28.6
2016-11-21,0.0,30.2,29.7
2016-11-22,0.0,28.7,28.8
2016-11-23,0.0,28.2,31.2
2016-11-24,0.0,30.5,35.1
2016-11-25,0.0,28.4,29.0
2016-11-26,0.0,15.2,27.0
2016-11-27,1.0,26.7,29.7
2016-11-28,0.0,29.3,29.9
2016-11-29,0.0,30.8,30.7
2016-11-30,0.0,26.7,31.3
2016-12-01,16.6,27.2,30.2
2016-12-02,0.4,31.0,30.4
2016-12-03,0.0,20.8,30.8
2016-12-04,21.2,31.0,30.3
2016-12-05,0.0,30.3,30.3
2016-12-06,5.4,24.2,33.8
2016-12-07,11.0,16.0,31.3
2016-12-08,20.4,8.8,28.4
2016-12-09,3.2,4.5,28.6
2016-12-10,1.4,20.0,27.7
2016-12-11,0.0,20.5,27.2
2016-12-12,0.0,27.9,28.1
2016-12-13,0.0,30.6,28.8
2016-12-14,0.0,30.2,29.5
2016-12-15,0.0,31.4,30.6
2016-12-16,0.0,26.3,30.0
2016-12-17,0.0,31.1,31.0
2016-12-18,1.6,20.0,32.3
2016-12-19,12.4,16.8,27.8
2016-12-20,0.2,21.9,29.6
2016-12-21,0.0,25.9,34.1
2016-12-22,0.6,20.9,31.5
2016-12-23,0.0,13.0,27.7
2016-12-24,0.0,26.7,29.2
2016-12-25,0.0,11.2,27.5
2016-12-26,6.0,24.0,29.3
2016-12-27,1.4,24.4,28.9
2016-12-28,0.2,30.6,29.8
2016-12-29,0.0,30.3,30.8
2016-12-30,0.0,31.3,32.4
2016-12-31,0.0,31.4,33.9
2017-01-01,0.0,31.1,34.7
2017-01-02,0.0,27.3,32.5
2017-01-03,98.0,7.7,26.8
2017-01-04,0.6,19.7,29.6
2017-01-05,0.0,15.9,29.4
2017-01-06,0.4,17.6,28.6
2017-01-07,23.4,22.9,28.5
2017-01-08,0.2,26.2,29.2
2017-01-09,0.0,26.2,30.0
2017-01-10,0.0,28.0,31.2
2017-01-11,0.0,28.5,32.3
2017-01-12,0.0,27.8,35.6
2017-01-13,0.2,28.3,33.3
2017-01-14,0.0,30.8,35.0
2017-01-15,0.0,7.6,32.0
2017-01-16,83.2,27.6,31.2
2017-01-17,0.2,29.3,31.9
2017-01-18,0.0,30.8,35.0
2017-01-19,0.0,17.3,30.9
2017-01-20,0.0,26.3,32.3
2017-01-21,0.0,15.3,33.6
2017-01-22,2.4,22.7,29.1
2017-01-23,0.0,23.6,29.2
2017-01-24,0.0,30.4,32.2
2017-01-25,0.0,30.2,31.4
2017-01-26,0.0,27.7,32.3
2017-01-27,3.2,6.8,29.1
2017-01-28,6.6,25.0,30.6
2017-01-29,0.0,28.9,31.8
2017-01-30,0.0,26.9,
2017-01-31,,29.6,32.5
2017-02-01,0.0,29.7,32.9
2017-02-02,0.0,29.6,32.9
2017-02-03,0.0,26.7,32.4
2017-02-04,0.0,28.5,32.8
2017-02-05,0.0,25.4,32.8
2017-02-06,0.0,28.4,33.0
2017-02-07,,27.0,32.8
2017-02-08,0.0,24.3,32.8
2017-02-09,4.0,26.1,32.2
2017-02-10,1.4,26.4,33.0
2017-02-11,0.0,28.6,37.0
2017-02-12,0.0,28.5,37.6
2017-02-13,0.0,20.6,35.6
2017-02-14,8.6,13.8,30.3
2017-02-15,0.2,16.6,30.4
2017-02-16,0.0,22.9,31.7
2017-02-17,0.0,26.0,31.8
2017-02-18,0.0,27.5,31.9
2017-02-19,1.2,16.8,34.0
2017-02-20,15.2,22.5,31.7
2017-02-21,0.0,24.9,32.0
2017-02-22,0.0,21.6,30.3
2017-02-23,0.0,23.4,31.0
2017-02-24,0.0,25.4,32.0
2017-02-25,0.0,24.8,31.9
2017-02-26,0.0,17.3,31.6
2017-02-27,0.0,21.5,29.1
2017-02-28,0.0,22.1,31.1
2017-03-01,0.0,23.3,32.6
2017-03-02,0.4,19.8,32.1
2017-03-03,0.0,22.4,32.3
2017-03-04,0.0,18.2,31.8
2017-03-05,2.6,18.7,34.3
2017-03-06,0.2,20.7,31.5
2017-03-07,0.0,24.5,33.0
2017-03-08,0.0,14.6,31.0
2017-03-09,0.0,20.8,31.1
2017-03-10,0.0,24.3,31.9
2017-03-11,0.0,24.2,31.1
2017-03-12,0.4,21.4,32.9
2017-03-13,0.0,7.7,27.8
2017-03-14,0.0,11.3,30.4
2017-03-15,2.8,12.2,28.9
2017-03-16,0.2,17.8,33.1
2017-03-17,0.0,15.9,35.7
2017-03-18,41.8,17.9,32.8
2017-03-19,11.0,12.4,29.6
2017-03-20,24.2,7.2,27.3
2017-03-21,90.6,11.6,28.6
2017-03-22,3.8,8.6,27.9
2017-03-23,0.6,13.7,29.3
2017-03-24,0.8,12.5,29.4
2017-03-25,10.0,16.9,28.0
2017-03-26,0.2,21.0,
2017-03-27,0.0,18.4,30.1
2017-03-28,0.0,20.7,31.3
2017-03-29,0.0,11.8,29.5
2017-03-30,,0.8,25.8
2017-03-31,,17.4,28.3
2017-04-01,0.2,20.1,29.0
2017-04-02,0.0,15.0,27.7
2017-04-03,0.0,13.5,25.6
2017-04-04,0.0,12.6,24.5
2017-04-05,0.4,17.4,25.6
2017-04-06,3.2,9.9,22.7
2017-04-07,0.2,19.2,26.3
2017-04-08,0.0,16.2,26.2
2017-04-09,0.0,16.1,27.4
2017-04-10,0.0,19.7,29.0
2017-04-11,0.0,19.9,27.1
2017-04-12,0.0,18.0,28.3
2017-04-13,0.0,14.0,26.7
2017-04-14,0.0,13.9,26.8
2017-04-15,0.0,16.8,26.7
2017-04-16,0.0,18.0,26.6
2017-04-17,0.0,14.7,26.8
2017-04-18,0.0,15.5,26.6
2017-04-19,0.0,15.8,26.0
2017-04-20,0.0,16.4,26.2
2017-04-21,0.4,14.0,
2017-04-22,,12.1,24.8
2017-04-23,0.0,15.7,26.4
2017-04-24,0.0,14.0,26.0
2017-04-25,0.2,17.0,26.9
2017-04-26,0.2,6.6,23.7
2017-04-27,1.0,17.6,22.6
2017-04-28,0.0,15.8,25.3
2017-04-29,0.0,17.4,26.3
2017-04-30,0.0,15.9,25.8
2017-05-01,0.0,16.0,26.8
2017-05-02,0.0,16.0,27.5
2017-05-03,0.0,14.0,27.5
2017-05-04,0.0,12.1,23.6
2017-05-05,0.0,15.3,24.8
2017-05-06,0.0,15.9,24.9
2017-05-07,0.0,14.8,26.4
2017-05-08,0.0,8.7,22.0
2017-05-09,18.0,13.5,23.5
2017-05-10,0.6,4.9,19.5
2017-05-11,2.8,14.2,24.7
2017-05-12,0.0,12.7,23.9
2017-05-13,0.0,9.5,23.1
2017-05-14,0.2,9.7,21.9
2017-05-15,0.4,15.6,26.4
2017-05-16,0.2,15.5,26.0
2017-05-17,0.0,14.4,25.0
2017-05-18,0.0,9.9,23.6
2017-05-19,10.6,5.7,20.7
2017-05-20,3.0,13.3,25.0
2017-05-21,0.0,14.5,25.8
2017-05-22,0.2,13.6,25.9
2017-05-23,0.0,14.9,26.9
2017-05-24,0.0,14.3,27.7
2017-05-25,0.2,14.5,24.9
2017-05-26,0.0,14.2,25.0
2017-05-27,0.0,12.3,24.6
2017-05-28,0.0,14.2,25.7
2017-05-29,0.0,14.5,26.4
2017-05-30,0.0,14.3,25.1
2017-05-31,0.0,14.4,22.4
2017-06-01,0.0,14.2,21.7
2017-06-02,0.0,14.3,22.8
2017-06-03,0.0,13.8,23.5
2017-06-04,0.0,13.3,23.8
2017-06-05,0.2,14.1,23.6
2017-06-06,0.0,13.9,22.6
2017-06-07,0.0,14.1,20.2
2017-06-08,0.0,14.0,21.8
2017-06-09,0.0,12.3,23.2
2017-06-10,0.0,11.2,22.9
2017-06-11,18.8,6.8,21.1
2017-06-12,14.6,12.3,22.4
2017-06-13,6.0,5.6,18.9
2017-06-14,10.2,7.2,20.3
2017-06-15,24.8,11.9,22.9
2017-06-16,0.0,10.8,24.1
2017-06-17,0.0,11.4,24.6
2017-06-18,0.2,13.9,23.6
2017-06-19,0.0,12.2,22.7
2017-06-20,0.0,9.3,21.0
2017-06-21,0.0,13.2,23.4
2017-06-22,0.0,12.4,22.7
2017-06-23,0.0,13.9,23.7
2017-06-24,0.0,13.7,24.5
2017-06-25,0.0,13.8,24.2
2017-06-26,0.0,13.9,25.1
2017-06-27,0.0,8.8,22.1
2017-06-28,0.2,13.7,23.9
2017-06-29,0.0,14.0,24.5
2017-06-30,5.0,13.8,23.0
2017-07-01,0.2,14.0,20.4
2017-07-02,0.0,14.1,21.6
2017-07-03,0.0,13.3,22.3
2017-07-04,0.0,13.8,
2017-07-05,0.2,13.9,26.4
2017-07-06,6.6,14.1,23.6
2017-07-07,4.8,5.6,16.4
2017-07-08,7.0,14.3,21.9
2017-07-09,0.2,13.5,21.5
2017-07-10,0.0,11.5,21.7
2017-07-11,0.4,13.7,22.8
2017-07-12,0.0,13.2,21.3
2017-07-13,0.0,13.2,20.8
2017-07-14,0.0,14.4,22.7
2017-07-15,0.0,14.4,24.6
2017-07-16,23.4,12.7,23.1
2017-07-17,0.0,14.5,23.2
2017-07-18,0.0,14.6,26.3
2017-07-19,4.2,14.8,19.1
2017-07-20,0.0,15.1,20.7
2017-07-21,0.0,15.2,21.6
2017-07-22,0.0,15.2,21.8
2017-07-23,0.0,15.3,23.2
2017-07-24,0.0,15.4,25.3
2017-07-25,0.0,15.5,23.8
2017-07-26,0.0,15.6,25.7
2017-07-27,0.0,15.6,23.3
2017-07-28,0.0,15.5,26.3
2017-07-29,0.0,15.8,24.8
2017-07-30,0.0,15.9,24.2
2017-07-31,0.0,15.6,25.6
2017-08-01,0.0,16.1,23.4
2017-08-02,0.0,16.0,22.7
2017-08-03,0.0,14.5,22.9
2017-08-04,0.0,16.4,22.5
2017-08-05,0.0,16.5,23.1
2017-08-06,0.0,15.7,24.9
2017-08-07,2.4,16.3,26.3
2017-08-08,0.0,16.8,22.8
2017-08-09,0.0,17.0,24.1
2017-08-10,0.0,17.1,24.1
2017-08-11,0.0,17.2,26.2
2017-08-12,0.0,15.0,29.0
2017-08-13,0.0,17.3,26.6
2017-08-14,0.0,17.1,26.9
2017-08-15,0.0,17.7,27.3
2017-08-16,0.0,17.8,28.6
2017-08-17,0.0,17.9,32.3
2017-08-18,0.0,17.9,25.9
2017-08-19,0.4,18.1,20.7
2017-08-20,0.0,18.2,21.8
2017-08-21,0.0,16.4,22.1
2017-08-22,0.0,17.2,24.9
2017-08-23,0.2,16.9,26.7
2017-08-24,0.0,12.3,24.4
2017-08-25,2.2,16.9,22.9
2017-08-26,0.0,18.9,23.9
2017-08-27,0.0,17.3,23.7
2017-08-28,0.0,19.3,23.0
2017-08-29,0.0,19.1,22.1
2017-08-30,0.0,19.5,25.8
2017-08-31,0.0,17.8,23.3
2017-09-01,0.0,19.3,24.2
2017-09-02,0.0,19.5,24.6
2017-09-03,0.0,19.8,27.1
2017-09-04,0.0,19.8,28.4
2017-09-05,0.0,20.4,27.5
2017-09-06,0.0,20.5,27.0
2017-09-07,0.0,20.6,27.1
2017-09-08,0.0,20.7,26.7
2017-09-09,0.0,20.6,24.9
2017-09-10,0.0,20.8,23.9
2017-09-11,0.0,21.1,25.7
2017-09-12,0.0,21.1,27.9
2017-09-13,0.0,20.5,27.1
2017-09-14,0.0,19.3,23.3
2017-09-15,0.0,21.7,24.6
2017-09-16,0.0,21.9,27.1
2017-09-17,0.0,18.1,24.4
2017-09-18,0.0,21.0,24.5
2017-09-19,0.0,22.3,28.1
2017-09-20,0.0,22.4,25.9
2017-09-21,0.0,20.8,25.9
2017-09-22,0.0,21.3,28.2
2017-09-23,6.0,23.2,28.6
2017-09-24,0.0,23.3,29.2
2017-09-25,0.0,23.5,29.9
2017-09-26,0.0,17.3,30.5
2017-09-27,0.0,10.8,25.5
2017-09-28,0.0,23.9,30.8
2017-09-29,0.0,24.2,37.0
2017-09-30,0.0,24.0,34.1
2017-10-01,0.0,10.8,25.9
2017-10-02,6.6,6.1,22.2
2017-10-03,30.4,17.9,27.1
2017-10-04,3.4,17.1,28.5
2017-10-05,0.0,25.1,30.1
2017-10-06,0.0,23.4,30.7
2017-10-07,11.2,9.6,24.1
2017-10-08,0.0,17.7,27.4
2017-10-09,0.0,20.3,29.1
2017-10-10,0.0,25.4,33.1
2017-10-11,0.0,16.0,28.8
2017-10-12,0.0,5.9,25.4
2017-10-13,2.0,22.6,29.9
2017-10-14,0.0,10.3,27.0
2017-10-15,25.8,10.9,22.6
2017-10-16,26.4,8.7,22.6
2017-10-17,4.6,7.2,22.8
2017-10-18,12.4,12.4,23.9
2017-10-19,1.8,16.3,24.6
2017-10-20,0.0,18.3,26.4
2017-10-21,3.8,4.2,20.4
2017-10-22,11.4,26.0,
2017-10-23,2.8,17.3,22.7
2017-10-24,0.2,25.8,25.6
2017-10-25,0.0,28.0,27.3
2017-10-26,0.0,27.3,30.6
2017-10-27,0.8,28.1,30.3
2017-10-28,0.0,27.0,28.9
2017-10-29,0.0,28.0,30.5
2017-10-30,5.2,23.9,30.6
2017-10-31,0.0,28.0,29.7
2017-11-01,0.0,22.7,
2017-11-02,,26.5,28.2
2017-11-03,0.0,25.5,28.6
2017-11-04,0.0,29.0,29.7
2017-11-05,0.0,24.7,28.9
2017-11-06,0.0,18.7,28.3
2017-11-07,4.8,19.2,28.0
2017-11-08,0.0,18.3,25.6
2017-11-09,1.0,25.7,24.7
2017-11-10,0.0,22.6,24.5
2017-11-11,2.8,17.2,25.6
2017-11-12,1.0,25.4,25.8
2017-11-13,0.2,25.4,26.1
2017-11-14,0.0,27.8,26.5
2017-11-15,0.0,20.6,26.8
2017-11-16,0.0,27.7,28.0
2017-11-17,0.0,23.6,27.0
2017-11-18,9.0,4.7,24.1
2017-11-19,28.4,15.6,24.0
2017-11-20,5.8,25.6,26.5
2017-11-21,1.8,23.4,25.9
2017-11-22,0.4,21.4,25.5
2017-11-23,0.0,23.9,26.5
2017-11-24,1.2,28.4,28.8
2017-11-25,0.0,24.2,28.7
2017-11-26,0.0,,29.5
2017-11-27,0.0,26.4,29.0
2017-11-28,0.0,24.0,29.2
2017-11-29,18.2,5.4,26.7
2017-11-30,28.0,20.7,27.5
2017-12-01,0.2,29.0,28.0
2017-12-02,0.0,25.5,29.4
2017-12-03,0.8,19.7,30.4
2017-12-04,0.0,7.6,28.0
2017-12-05,23.6,21.2,30.5
2017-12-06,,31.2,31.8
2017-12-07,0.0,30.4,33.1
2017-12-08,0.0,16.8,31.0
2017-12-09,0.2,28.9,30.2
2017-12-10,4.2,25.8,28.9
2017-12-11,0.0,26.8,29.4
2017-12-12,0.0,27.4,29.4
2017-12-13,0.0,26.1,28.9
2017-12-14,0.0,30.5,29.9
2017-12-15,0.0,30.9,30.3
2017-12-16,0.8,28.8,30.6
2017-12-17,0.2,28.3,30.3
2017-12-18,0.0,29.4,29.2
2017-12-19,0.0,30.5,31.1
2017-12-20,0.0,30.7,31.7
2017-12-21,0.0,30.0,32.9
2017-12-22,0.4,20.6,
2017-12-23,,29.6,31.7
2017-12-24,0.0,31.5,33.0
2017-12-25,0.0,29.9,36.2
2017-12-26,54.8,19.5,29.7
2017-12-27,3.0,22.6,29.6
2017-12-28,0.6,20.6,29.4
2017-12-29,9.0,29.7,30.4
2017-12-30,,24.7,32.2
2017-12-31,0.0,16.5,33.6
2018-01-01,0.4,21.7,32.1
2018-01-02,0.0,13.6,30.8
2018-01-03,4.8,24.9,31.2
2018-01-04,0.0,21.5,29.5
2018-01-05,0.0,22.3,29.5
2018-01-06,0.0,30.8,31.1
2018-01-07,,31.3,31.5
2018-01-08,,31.3,32.4
2018-01-09,0.0,30.7,32.1
2018-01-10,0.0,30.8,32.3
2018-01-11,0.0,28.3,31.4
2018-01-12,,27.5,32.6
2018-01-13,0.0,29.8,35.6
2018-01-14,0.2,28.2,37.5
2018-01-15,0.0,29.1,30.3
2018-01-16,,30.1,31.1
2018-01-17,0.0,30.8,29.4
2018-01-18,0.0,30.8,30.0
2018-01-19,0.0,30.6,31.4
2018-01-20,0.0,30.1,32.2
2018-01-21,0.0,20.4,30.2
2018-01-22,0.0,25.4,31.7
2018-01-23,0.0,29.2,32.3
2018-01-24,0.0,26.1,31.6
2018-01-25,8.6,28.4,
2018-01-26,,27.4,32.5
2018-01-27,0.0,25.7,32.8
2018-01-28,2.4,19.0,30.2
2018-01-29,7.8,23.2,31.5
2018-01-30,1.6,22.4,32.7
2018-01-31,0.0,27.5,34.7
2018-02-01,4.2,7.1,25.5
2018-02-02,11.2,6.6,21.7
2018-02-03,6.2,5.2,22.8
2018-02-04,7.2,24.7,28.0
2018-02-05,1.0,27.8,30.1
2018-02-06,,23.9,
2018-02-07,,27.1,29.3
2018-02-08,0.0,21.8,29.0
2018-02-09,0.0,28.0,31.2
2018-02-10,0.0,28.2,32.8
2018-02-11,1.0,28.2,34.5
2018-02-12,6.6,28.4,33.5
2018-02-13,0.0,21.3,33.0
2018-02-14,13.0,28.3,33.0
2018-02-15,0.0,21.7,35.7
2018-02-16,0.0,20.8,33.0
2018-02-17,17.0,22.0,31.5
2018-02-18,0.0,24.0,
2018-02-19,,27.6,33.0
2018-02-20,,20.2,30.9
2018-02-21,,9.6,27.6
2018-02-22,0.2,8.9,26.7
2018-02-23,62.8,4.2,26.4
2018-02-24,135.8,15.5,29.1
2018-02-25,19.0,21.9,
2018-02-26,,23.8,
2018-02-27,,12.3,28.5
2018-02-28,0.2,22.5,29.5
2018-03-01,,26.0,
2018-03-02,,11.4,29.1
2018-03-03,0.8,15.1,30.6
2018-03-04,0.2,22.9,34.7
2018-03-05,2.4,10.5,29.4
2018-03-06,57.4,5.2,24.0
2018-03-07,11.0,11.5,26.1
2018-03-08,5.8,14.5,26.6
2018-03-09,1.6,15.9,27.4
2018-03-10,0.6,17.0,26.7
2018-03-11,2.8,15.3,25.7
2018-03-12,2.2,19.7,28.6
2018-03-13,0.0,11.7,27.3
2018-03-14,5.8,21.5,28.7
2018-03-15,0.4,19.1,29.4
2018-03-16,0.0,24.0,30.6
2018-03-17,0.0,23.7,31.0
2018-03-18,0.0,19.2,31.2
2018-03-19,0.0,19.8,31.4
2018-03-20,0.2,21.2,29.8
2018-03-21,13.6,13.7,25.8
2018-03-22,28.0,18.4,27.6
2018-03-23,6.0,16.1,28.3
2018-03-24,0.2,18.4,27.7
2018-03-25,0.2,13.7,28.1
2018-03-26,1.0,15.9,29.2
2018-03-27,0.2,7.9,28.3
2018-03-28,1.2,20.5,30.9
2018-03-29,2.0,12.6,28.7
2018-03-30,1.0,13.9,29.1
2018-03-31,0.4,19.1,29.3
2018-04-01,0.0,13.2,28.9
2018-04-02,0.4,19.1,28.6
2018-04-03,0.0,15.7,28.0
2018-04-04,4.2,12.1,26.3
2018-04-05,3.2,17.5,28.1
2018-04-06,1.8,19.4,27.8
2018-04-07,3.2,19.5,28.1
2018-04-08,2.4,17.3,27.8
2018-04-09,0.0,20.1,29.3
2018-04-10,0.0,18.9,30.1
2018-04-11,0.2,17.4,27.2
2018-04-12,0.0,11.7,26.1
2018-04-13,0.6,15.4,27.8
2018-04-14,0.0,9.4,28.0
2018-04-15,0.2,19.1,30.4
2018-04-16,0.0,19.2,32.0
2018-04-17,0.0,18.2,30.8
2018-04-18,5.2,9.2,24.7
2018-04-19,1.2,14.6,27.2
2018-04-20,0.2,9.8,27.7
2018-04-21,10.0,11.3,26.7
2018-04-22,0.2,13.6,25.8
2018-04-23,0.0,14.1,28.0
2018-04-24,1.4,17.5,27.2
2018-04-25,1.2,16.5,27.7
2018-04-26,0.0,17.1,29.1
2018-04-27,0.0,14.7,27.5
2018-04-28,0.0,15.1,25.5
2018-04-29,0.4,14.7,26.1
2018-04-30,0.0,13.4,25.5
2018-05-01,0.0,15.6,25.3
2018-05-02,0.0,14.0,26.0
2018-05-03,0.0,14.5,26.7
2018-05-04,0.0,16.7,27.6
2018-05-05,0.0,16.5,27.2
2018-05-06,0.0,16.3,25.8
2018-05-07,0.0,11.0,24.2
2018-05-08,8.2,8.6,22.5
2018-05-09,9.2,16.2,27.2
2018-05-10,0.0,15.8,27.9
2018-05-11,0.0,16.0,22.9
2018-05-12,0.0,15.9,22.3
2018-05-13,0.0,15.8,24.4
2018-05-14,0.0,15.5,25.0
2018-05-15,0.0,15.6,25.1
2018-05-16,0.0,15.5,24.4
2018-05-17,0.0,12.9,23.6
2018-05-18,0.0,15.0,25.4
2018-05-19,0.0,15.3,25.3
2018-05-20,0.0,15.2,25.3
2018-05-21,0.0,15.1,
2018-05-22,,15.0,25.5
2018-05-23,0.0,14.8,25.0
2018-05-24,0.0,13.4,24.2
2018-05-25,0.0,12.1,24.6
2018-05-26,0.0,12.3,23.8
2018-05-27,3.4,10.5,23.1
2018-05-28,1.6,10.9,22.7
2018-05-29,4.2,11.6,23.5
2018-05-30,0.2,13.9,26.1
2018-05-31,0.0,14.4,22.0
2018-06-01,0.0,14.3,22.6
2018-06-02,0.0,14.3,23.5
2018-06-03,0.0,13.9,25.4
2018-06-04,0.0,13.4,24.0
2018-06-05,0.0,13.5,22.6
2018-06-06,0.0,11.7,23.1
2018-06-07,8.6,9.5,20.6
2018-06-08,9.4,11.1,22.4
2018-06-09,0.2,10.8,23.7
2018-06-10,0.8,12.3,23.6
2018-06-11,0.0,13.4,23.3
2018-06-12,0.0,13.2,22.9
2018-06-13,0.0,12.0,25.2
2018-06-14,0.8,10.4,23.8
2018-06-15,0.0,13.7,23.7
2018-06-16,0.0,13.8,23.2
2018-06-17,0.0,13.9,20.5
2018-06-18,0.0,13.9,18.5
2018-06-19,0.0,13.9,20.2
2018-06-20,0.0,13.4,22.4
2018-06-21,0.0,12.5,22.2
2018-06-22,0.0,13.7,22.7
2018-06-23,0.0,13.5,23.1
2018-06-24,0.0,13.9,23.4
2018-06-25,0.0,11.2,21.6
2018-06-26,0.8,11.1,22.0
2018-06-27,1.0,6.0,16.9
2018-06-28,7.4,9.6,22.0
2018-06-29,0.0,12.7,23.7
2018-06-30,0.2,12.2,24.6
2018-07-01,0.0,9.4,22.4
2018-07-02,6.4,13.0,24.4
2018-07-03,0.0,13.8,23.3
2018-07-04,0.0,13.2,24.0
2018-07-05,3.2,10.5,22.9
2018-07-06,8.6,10.7,23.9
2018-07-07,2.6,9.7,24.9
2018-07-08,0.2,14.3,20.4
2018-07-09,0.0,13.8,20.6
2018-07-10,0.0,13.5,22.2
2018-07-11,0.0,10.3,20.8
2018-07-12,2.4,13.3,21.8
2018-07-13,0.0,14.6,21.7
2018-07-14,0.0,14.6,21.0
2018-07-15,0.0,14.7,21.6
2018-07-16,0.0,14.6,23.6
2018-07-17,0.0,14.8,24.3
2018-07-18,0.0,14.9,25.0
2018-07-19,0.0,15.0,23.8
2018-07-20,0.0,12.1,24.9
2018-07-21,0.0,15.1,20.2
2018-07-22,0.0,13.9,20.7
2018-07-23,0.0,14.9,22.2
2018-07-24,0.0,15.4,24.1
2018-07-25,0.0,11.6,24.1
2018-07-26,0.8,15.6,26.3
2018-07-27,0.2,15.7,25.6
2018-07-28,0.0,15.7,26.4
2018-07-29,0.0,15.8,26.4
2018-07-30,1.4,15.9,23.7
2018-07-31,0.0,16.0,23.3
2018-08-01,0.0,16.0,24.7
2018-08-02,0.0,15.5,23.0
2018-08-03,0.0,16.1,23.9
2018-08-04,0.0,16.3,27.1
2018-08-05,0.0,16.4,25.3
2018-08-06,0.0,16.2,27.6
2018-08-07,2.8,14.3,22.9
2018-08-08,0.2,16.8,22.6
2018-08-09,0.0,16.9,23.0
2018-08-10,0.0,16.2,23.4
2018-08-11,0.0,16.4,24.9
2018-08-12,0.0,17.2,24.4
2018-08-13,0.0,17.4,22.5
2018-08-14,0.0,17.4,22.7
2018-08-15,0.0,17.6,25.2
2018-08-16,0.0,17.7,29.5
2018-08-17,0.0,17.8,29.3
2018-08-18,0.0,17.9,28.1
2018-08-19,0.0,18.0,22.8
2018-08-20,0.0,18.2,21.9
2018-08-21,0.0,18.3,23.8
2018-08-22,0.0,18.4,24.4
2018-08-23,0.0,17.6,23.1
2018-08-24,0.0,17.2,24.5
2018-08-25,0.8,15.0,22.5
2018-08-26,11.2,9.5,20.2
2018-08-27,10.6,18.6,24.4
2018-08-28,0.2,18.1,22.8
2018-08-29,0.0,19.4,24.8
2018-08-30,0.0,19.3,23.7
2018-08-31,0.0,19.4,25.7
2018-09-01,0.0,17.8,27.1
2018-09-02,0.0,19.9,26.3
2018-09-03,0.0,12.7,20.6
2018-09-04,0.4,15.8,21.7
2018-09-05,9.4,16.6,21.6
2018-09-06,0.0,12.8,23.2
2018-09-07,0.4,19.0,24.7
2018-09-08,1.2,8.2,25.0
2018-09-09,2.0,21.0,26.8
2018-09-10,0.0,21.1,25.1
2018-09-11,0.0,19.8,25.0
2018-09-12,0.0,20.2,24.9
2018-09-13,0.0,21.5,26.2
2018-09-14,0.0,20.4,26.4
2018-09-15,0.0,21.8,26.9
2018-09-16,0.0,20.5,28.3
2018-09-17,0.0,20.0,23.3
2018-09-18,0.0,19.3,24.3
2018-09-19,0.0,22.3,25.1
2018-09-20,0.0,22.2,28.7
2018-09-21,0.0,21.7,24.5
2018-09-22,0.0,19.2,25.1
2018-09-23,0.0,23.0,26.1
2018-09-24,0.0,15.3,25.6
2018-09-25,0.0,8.3,21.2
2018-09-26,,18.9,23.7
2018-09-27,0.0,14.5,24.2
2018-09-28,0.0,21.8,26.8
2018-09-29,0.0,20.0,28.9
2018-09-30,2.2,7.2,20.8
2018-10-01,9.6,23.0,24.3
2018-10-02,0.0,21.8,24.7
2018-10-03,0.0,24.1,26.0
2018-10-04,0.0,24.6,26.1
2018-10-05,0.0,11.7,25.3
2018-10-06,16.8,10.7,22.4
2018-10-07,10.8,16.2,24.1
2018-10-08,1.0,24.0,27.5
2018-10-09,10.0,18.0,26.3
2018-10-10,0.2,25.4,28.5
2018-10-11,1.2,9.5,25.5
2018-10-12,8.4,8.3,
2018-10-13,16.2,7.2,19.7
2018-10-14,16.0,9.7,20.8
2018-10-15,44.8,10.9,23.4
2018-10-16,23.8,20.9,25.9
2018-10-17,1.2,16.9,25.3
2018-10-18,4.8,13.6,25.2
2018-10-19,0.4,19.9,25.9
2018-10-20,0.0,24.2,27.6
2018-10-21,0.8,15.3,28.2
2018-10-22,8.2,24.3,28.0
2018-10-23,0.0,27.1,28.9
2018-10-24,0.0,26.8,32.5
2018-10-25,0.0,20.7,27.9
2018-10-26,0.6,27.9,
2018-10-27,0.0,27.5,28.6
2018-10-28,0.0,21.8,30.3
2018-10-29,0.8,6.5,
2018-10-30,3.6,22.3,
2018-10-31,,25.8,27.0
2018-11-01,0.0,27.9,27.8
2018-11-02,0.0,27.4,27.1
2018-11-03,0.0,28.8,30.8
2018-11-04,0.0,28.7,30.7
2018-11-05,0.0,28.2,31.3
2018-11-06,0.0,26.3,32.0
2018-11-07,0.0,29.2,31.4
2018-11-08,0.6,11.1,25.7
2018-11-09,0.0,22.2,25.1
2018-11-10,0.0,26.0,27.1
2018-11-11,0.0,27.7,27.7
2018-11-12,0.0,28.4,27.8
2018-11-13,0.0,25.7,27.1
2018-11-14,0.0,24.8,28.3
2018-11-15,0.0,27.0,29.6
2018-11-16,0.0,28.3,29.6
2018-11-17,0.0,21.2,29.6
2018-11-18,2.8,13.8,26.2
2018-11-19,0.2,24.7,27.0
2018-11-20,0.0,29.5,28.3
2018-11-21,0.0,27.8,31.7
2018-11-22,2.8,17.8,31.1
2018-11-23,6.2,30.4,30.2
2018-11-24,0.0,30.6,30.6
2018-11-25,0.0,27.8,33.5
2018-11-26,0.2,30.8,34.8
2018-11-27,0.0,15.5,29.9
2018-11-28,0.6,27.3,37.9
2018-11-29,0.0,28.9,34.5
2018-11-30,0.0,27.3,29.8
2018-12-01,0.0,30.7,33.3
2018-12-02,0.0,28.4,34.7
2018-12-03,0.0,28.0,30.5
2018-12-04,0.0,17.5,30.3
2018-12-05,0.6,19.2,27.9
2018-12-06,0.0,23.1,27.5
2018-12-07,0.0,13.4,25.7
2018-12-08,0.0,12.5,27.4
2018-12-09,0.0,22.0,29.1
2018-12-10,0.0,28.9,29.9
2018-12-11,0.0,26.9,30.3
2018-12-12,0.0,30.3,29.4
2018-12-13,0.0,25.6,30.2
2018-12-14,0.0,21.7,31.3
2018-12-15,3.0,23.9,31.0
2018-12-16,9.0,0.5,25.9
2018-12-17,32.6,18.8,28.8
2018-12-18,2.8,22.1,29.8
2018-12-19,0.0,27.0,30.9
2018-12-20,0.0,31.2,32.5
2018-12-21,0.0,29.8,34.9
2018-12-22,3.0,20.9,35.7
2018-12-23,0.0,28.1,28.6
2018-12-24,0.0,25.7,27.9
2018-12-25,0.2,26.4,28.3
2018-12-26,0.0,29.5,28.7
2018-12-27,0.0,29.7,29.5
2018-12-28,0.0,28.6,29.7
2018-12-29,0.0,29.8,30.5
2018-12-30,0.0,27.9,30.6
2018-12-31,0.0,28.4,31.4
